commit_id,true_label,predicted_label
55e455f1abd4681bd39e945e8a2c005b324b108b,1,0
63d94e482df769f31e8b1097f06c3a3fba7bced4,1,1
ab4e6ee578e88a659938db8fbf33720bc048d29c,1,0
218e0ec030f1183ed8684c9938bb2cb873d51d49,1,1
1c78217fc8c0983f5768a2d1c17c022f1079751e,1,0
c9e8440eca61298ecccbb27f53036124a7a3c6c8,1,1
b152b5c11df036941d3336b3bce7126d2e3af896,1,1
151cbf4d9b84108d1b3de175ecdfb06d82a1b9f8,1,0
83a251d8d819e19d0ed6dd18d94ed9f4d2e9d571,1,1
25a6666f6c07c6ac8449a63d7fbce0dfd29c54cd,1,1
3713e1485e6eace7d48b9c790602cfd92c616e5f,1,1
04b977c4e691b9011122c9d805583153043a3cab,1,1
470a9147899500eb4898f77816520c4b4aa1a698,1,0
c278c253f3d992c6994d08aa0efb2b6806ca396f,1,0
9fef76857feed8e94ca3a5ee37db644f04a9488b,1,1
d7e6bdaa0f5e274c07c38fca6ebfe791b3f19f3c,1,0
6308cd4868d2bd5fdf8bfa8dd10856c9a91874f5,1,0
c1f79c74e222000386f3950ed98d150e6009648b,1,1
aa5125a45568f8f666f6d2f224fe8ab261b1069e,1,0
153458ff7ed5949cd5b07a2355a34aad9891ad98,1,1
84392e5e7f4fa51dfaff9d07c2cff9367df404e6,1,1
f261b56bb567112f7132c458f49cc5bdf1ae28d9,1,1
ad95c0d5dd6004e3c05959eb96cf87b93680087e,1,0
8b957f851227d7a41b94bba3c95130b5e2872829,1,0
b4966b7770349deb05e3dd2bd2c65d2d044abbbb,1,1
e8c69cef7e78993cc523239ea0e6bbef60e83f3c,1,1
6a5b69a959483c7404576a7dc54221ced41e6515,1,1
67928c4041606f02725f3c95c4c0404e4532df1b,1,1
798a99b27a86e5c15c6cd21d35e5b3f44332bf7a,1,0
509d75527afc2179e7fef478d6a60b8fbb567dd5,1,0
47c5ee34d8d913a1ab1ae87544475c136ea25b26,1,1
ead7be62cc004c44bdccb98534822d9743340711,1,0
a2bf4538714f83fc83ac175c4de296510ae596ae,1,0
2a14759a03a0a57b2fc99b1e416180788b8ba24c,1,0
3bf6b864588443e995f6040650680ffd61e8c935,1,1
0a9e8dfd815605856cecfcf76632f846146c3a58,1,1
e5b47e2759a072064a1ab86370f778229d111d03,1,1
a91cde21992e365dc5563c9431c444cfcf23cae0,1,0
c918dcce92f76bb9903e4d049f4780bad384c207,1,1
6d784f1625ea68783cc1fb17de8f6cd3e1660c3f,1,1
4d4cf23cdde2f8f9324f5684a7f349e182039529,1,0
90f7131b38c80e6df6b69e2c053dc56ccf1e8731,1,1
a1ea9a400f5c76cdbe31a8f5c3154f464d84b803,1,1
a73077478d731b9e9f1832244e1432a9283b7db0,1,1
87b2bdf02278e5623cc66e5189792fde01f829a3,1,1
42e0bb4db0ee3727de8ec1e5e0eb5f2dd686be00,1,1
8c71897be2ddfd84969412635ca42fa9e137f7b6,1,1
a4a0acf8e17e3d08e28b721ceceb898fbc959ceb,1,1
ddfd1f04b7bc557c1fe9b110e99cebb2e19d4993,1,1
caba1a19dc3f9e31612d8439cfa7fbf60d05bbb0,1,0
d6f443ae4c1d54379ad5953d7bcb89a63387184d,1,1
7a3de2b33f5213c423a59aeaaae2249196b4b5cc,1,0
4299dfa5ded84111231a456ad102f65f6f62649e,1,1
1a8fe32e4c4c5984085986b14a93650b6bd9b9c2,1,1
62006b539ddda23594febf0fcb2f21c03de60457,1,0
d4201089f8b82825fcdc199aa24c8d05fc07e09b,1,0
acc7c2e0b73a46122ec370bf8a3aa9f19065d331,1,1
9d324b0e67c2b570df389c1361f591b95a4e4278,1,1
9e1fe7c3db6f335a9e1c2fac2fe2b7443076b29b,1,1
2ddb70d26f9a284fbf38bca37ea857f24c3f39de,1,1
e71f5cc402ecb42b407ae52add7b173bf1c53daa,1,1
8588edb093799776bc9a7f15b6b3e3d9b3bbec8e,1,0
e17be9fd4d51302c41b17e22f9ec96751f47951b,1,0
757010f026ab3044c594003e216d00a33ed95c56,1,0
9a3f10695a011861dcf5a649e3e72580b1a4eed4,1,0
315e8f7501ad929acacfa94c251283e837f281ed,1,0
3388167dbe8679c2b7e4f82d3c6cb0f091386e05,1,0
e8a285b7b10029c3da7e9bbaa1659e7e08178912,1,1
59f73e2ae185a6ab5c40f63657a83192bf054fb4,1,1
a4cb675124a906126ba4ab307f0c17716f6d9adb,1,0
1abd165ed757db1afdefaac0a4bc8a70f97d258c,1,1
1b7b533f65db9b31f76972b2899ec7ec6433ae77,1,1
a59c5850f09b4c2d6ad2fc47e5e1be8d654529d6,1,1
728996829b3e2a3bbacb7390e6c040dd839cdf21,1,0
793fab727324adc90a0a2889f2b1d88bae4790eb,1,0
4999e9621a58fa03fe18aa2ea55838bd2e755190,1,0
8080337102a223f19abc6579eed377057c62ff7f,1,1
46b348865011bf0d706fe1ec8c9cef08cf86ad40,1,1
33a43f2802d8d7be3a9b541785c4ca9ad79e4310,1,1
63d4c1677e7e9d9652ee450e9abe1e877db91093,1,1
f86f66562311f38b6b7864c19720727916fb0d19,1,1
943b33564e78130014ca91b575181becc828179e,1,0
4337ff465fac38548c65140260b9bf69c6f6e0ed,1,1
994c755a197df16aa8fd2a5f2de48500142494a0,1,1
7e030655dda5b5efc4305e2a8f46c4967d32eb3d,1,0
ddd09373628adcbdc3f7b9098d22328834f8d772,1,0
3e49c4f4cf786b70bbc369b99e590de4bebac1b3,1,0
cfaf2d034360166e569a4929dd83ae9698bed856,1,0
1a43cb0b17d05a5fa9c728eaaa5e547896fc2f21,1,1
219df32faec97349516c29f33008fea59a46e99a,1,1
a78d9a38a52fc0660e6efb8eaf6540f975db87c6,1,1
c9d05548405c6cc5c58dbede2e531c46732e009a,1,0
3971a230f9573cca1cbef96dab05e2682820f1a0,1,0
4af1036df4dd4f0d59fad9d82ed456bfa2e73fa6,1,1
f55a3c47e29283a407e83a8e25257207d6c34325,1,1
60bea13e11a4e95e915c64112783d86204697b19,1,0
8daf1a2d7e40685054ebae680733d822ced6df62,1,1
c801992394920b4321b10cb36dac73effe77d2af,1,0
f72c4e82fd4155eb108d61a17d314d391e4f7730,1,0
0d2caa37c53bb8b479840572cb4dede2e2b30e8e,1,1
f99847a6909b95f857ee502ec98c372dcfd90b12,1,0
2448e3493cb3874baa90725c87869455ebf11cd2,1,0
3d4492f81dd7b486f1be0616a1ce7f73760f406e,1,1
be51e5473cfa58c1707ef181d9d8697429f60d4d,1,1
aa3ee5f569fda51e54c224c0df60e187e9c5e582,1,1
1a3a6dee3c970f347783cae39e1f3536e3116a96,1,0
6044bd4a7d580d4459b992bc6631c817486a1514,1,1
466de9183570fe9fd21ef167951488fc9d513fcb,1,0
17762060c25590bfddd68cc1131f28ec720f405f,1,1
2aaa2a17007a1f6b3e1544890e0ff3eae60b7737,1,1
2502d0ef272da7058ef303b849a2c8dc324c2e2e,1,0
4d79d80d014f1791bfab3419d0efb1502399a69b,1,0
687f7f9773068e2fdb4b0c5cb49e07c11668b684,1,0
17c8b960930da3599e47801a54ac0ea1070545d2,1,1
d510707b777f4b87b1b928e3cee38b3cfafa9c0c,1,1
622e0ca1cd4d459f5af4f2c65f4dc0dd823cb4c3,1,1
1ab36387ea4face01aac3560b396b1e2ce07c4ff,1,1
ac1c623242371eb91165b54ae385fb8695657365,1,0
5803dec78516d4dac80cfd5391fec5ab0fe3e7c6,1,0
3d287fb398c03189a1394778162f6404e4d44ad2,1,0
115b94d51a3ee1b7dfffa74f77e20cd11da70b91,1,1
24947d4988012f1f0fd467c83418615adc11c3e8,1,0
0be2a22a6504635bb89d4fe4402a9dbe851898d4,1,0
8f15b28dd7afdd1a5c5b9c0d54c05d978a10461a,1,0
3ac85fb66626ea91641f5fb9ad9069aab94754f5,1,0
2015de5fe2a47086a3260802275932bfd810884e,1,1
60c031531a85b3580f66c2530f9b2802adcad4df,1,0
330573105401218f184bafb6e3b568d615f4ad2c,1,1
478c6f73a4a95165cb5529e008bbf10e87ff905c,1,1
3b1bace9960b0acbcb5d0ca194077f03df7cc2c0,1,1
0de4b34d466bae571b50f41c7296b85248205e35,1,1
1bcaba51eba549748917f7d6eb41900ff9ee3d5f,1,1
792abc6e2f5a5ab996bf6cc1947b382dda29a82d,1,0
cccbe5ef85284621d19e5b2b1c61cc0506bc9dee,1,1
e1644aae4589274223c1ab9072ddbda98dd97f6a,1,1
9f6154f26ef17b0a7efd2fcdd79cabfe510f28b4,1,1
26f027fba1c5ab482fa2488fbe0fa36c8bb33b69,1,1
a8241c63517ec0b900695daa9003cddc41c536a1,1,1
206b49500df558dbc15d8836b09f6397ec5ed8bb,1,0
575849ecf5d103ca9bbf0a6b9e89eba335d4e750,1,1
2b934c6236983392d01bef22e43af3051cac16f5,1,0
68fd077f68bdde864bb7328d72a040849c616261,1,0
c75e01288ce9c9a6b7beb6b23c07d2e4d1db8c84,1,0
5d41be6f702f19f72db816c17175caf9dbdcdfa6,1,1
2471b894068ec59ab3012e788401b345ef459e49,1,0
45838561f2f14339acdf53ffa3adbfe8e6db7514,1,1
212ba90696ab4884e2025b0b13726d67aadc2cd4,1,0
459b2df0e118dadd81eefe31dc7aaf8002555478,1,1
2d9772ef653ccf2d5213603e371bbdfe7573df93,1,0
cd79007634854f9e936e2369890f2512f94b8759,1,1
54f88401828475935abe897b54c44171ea937b48,1,0
d2c85ac24ed7636934f469fac8836b87c7e6cb40,1,1
0efc4883a6b3de12476cd7a35e638c0a9f5fd75f,1,1
254af56dd101bc756194dd080bb99e8f123500dd,1,0
aec968326df3c60d140c4bcb00f2ee982acd01cb,1,1
75e5ac7ea57ea56628f73a8a0aaf58f758aae43a,1,1
79b5c41187f04cc50a634ebe681e06340869e387,1,1
dd4cec664cd2a45921189fab2a938a4966191a31,1,1
57b4295d2b7693dc15e047b6a5d0f6b86b612fa2,1,0
abaead6ac55dbda8b4bae40251d69dc3f0c49b1c,1,0
758206760cbadf66dc31d6587f5958691b34e9e5,1,1
9de7df17f037f234cb88bc904476871740508bcf,1,0
9c891c139894ce2ec0ca585a00e0bec5e6b4ccab,1,0
d06d101ba8a2afda2cfb72ce72d3c26150611a6b,1,1
f0a98ae8db603494d40e8ec9d7d2dfd41c9f6dc8,1,1
a744064c4155bde063b9e8a47699542be3b8e5eb,1,0
adb8c9b77cd182b1b3f2b145b8db4043623e3745,1,0
2988a7740dc0dd9a0cb56576e8fe1d777dff0db3,1,0
c5ccda420446701857f36b92dd57b2c3301574fd,1,1
998e8519efbc772994c5ba19c0d39573998be9db,1,1
e1587a4945408faa58d0485002c110eb2454740c,1,1
887464a41fde7e9e1e11ca86748338033c502446,1,1
1d93353da536d3403ac291dc96070f434f6cf285,1,1
998765e5588b197737d457e16f72832d8036190f,1,1
cb3f3378cd09aa3fe975b4ad5ee0229dc76315bb,1,0
63941620b2c513380b223c8e351137a504cd2ac6,1,1
71dfb744bd9e11e765036f8096d7c2c6c19d2b0f,1,0
5e2cb1018a8a583b83d56c80f46507da6f3f2b57,1,0
0d9f4f135eb6dea06bdcb7065b1e4ff78274a5e9,1,0
bdf4f4d2161a795b9323855a81a047bd68f16202,1,0
a43875d305c005bebfbe78d1a2e2197ab39210e7,1,0
f6bd7de2a4770b9c11db986639967f9f0fd6e84f,1,0
32ac1a5286d56b3c822f4a1a8d0f7fc5d586de38,1,1
db62efbbf883c099d44b0fafe18f8ad8f0396892,1,0
ea6ff112b095dce2060c304195904d859c3e2625,1,1
fff60fabc71c41bd1bd4beb4fdd735bb8e01096c,1,0
1254880834d08ad288b9706b5bd791dc11516e40,1,0
7ddad650cc63bacc2179ffbb22c94b5fe1b55f7c,1,0
317cfaa5e09755ed0b34af512ec687963a67bdbf,1,0
73a0a5f9bf1e817b2b26363d34f20d2d0004360b,1,1
89dc13cfe042842739122b7180f295b14657f403,1,1
3855e9e4d30ed5207319fb5ef8b0fb416d873cbf,1,1
ac69fa83bcb455647877180c4eb9cd6160194d36,1,1
00be545e49d83485d49a598d3b7e090088934be8,1,1
1a8fe32e4c4c5984085986b14a93650b6bd9b9c2,1,1
c70458890ff15d858bd347fa9f563818bcd6e457,1,0
63088ec7c8eadfe08b96127a41b385ec9742dace,1,0
65cd45a88c4a657b4ae0c81b753bb0d065a4e25a,1,0
147d84e1e3a0d0920004362d3f4f6d2d24581508,1,1
563c05e2dc77221c4aad740c3b89fc21c84652be,1,1
0b43fcdff6495958c39e3575848edef4b685ddef,1,1
f077e1fb4c912a66ab5d766fd256803821d92c67,1,1
4b5060ddae2b03c5387321fafc089d242225697a,1,0
11ba964d4f936609a04e8b9f2051f6027ef761ae,1,1
2e35bdc5e98f1c7bad409a08ea109dbe1b2690d8,1,1
a79b5f8b80890b402fdb0733b0a073695a7875b5,1,0
8550be08cbed164a8357491cc2c27cb99282b7ff,1,1
2a7f1425d98919b362fbe979a6428fa9aeebcd78,1,0
ee1b904baa7867534fba200ea96c9fcbb7a5d475,1,1
9dc7efd3978aa67ae598129d2a3f240b390ce508,1,1
e07619539017ac31004a038d1d886e2ed4d0e61a,1,0
b285800898c6b166bb5f243fa44305dc1513fe3f,1,0
59d925168457805572f40fb12bd399e89775b3ff,1,0
19b3f31609dc8be3a56c78dcb7da723f10f7009c,1,1
8382fcac1b813ad0a4e68a838fc7ae93fa39eda0,1,0
de79481ddfc42e2d398e4d32bbb8542e341e7f39,1,1
333fdeca3af1ff305a624c9c04f234da445ed413,1,1
ab5a5813c417f2f88e828fff66145f23c65d15a2,1,1
9778c14b4ca2c81e437fc2fd2b1f3d676937db27,1,0
dd740343e0dec4f998575a49b6a90b14db6b8749,1,1
891dc8f87536ac2ec695c70d081345224524ad99,1,1
21b995a9cb093fff33ec91d7cb3822b882a90a1e,1,0
b8b14c66765ccba884c5c4570bf8be361d211d95,1,0
95cb9e10239583a8a849cdbaec689b139618319a,1,0
4ee69851cd4880f574d22f5ce08bec35b01c94e3,1,1
34136473665e9d6e284b9f32c03ba0307ab2b9e4,1,0
bbe3f058ecb62bce041a0b03d76f6b9337dc81af,1,1
a97f925a32aad2a37971d7bfb657006acf04e42d,1,0
05924e1440fd04cc0f1ab0c0899a8ce344bd5632,1,1
1f4205a04e619ee9a2a2dbbbe56caad30469b54a,1,1
8a4ea9644833d43fdfe8579c0cb569f8a0930206,1,0
bb7cb54b388d8d0fbb3af27f14b121ee9c92e867,1,0
cf1667cdd8f64c3d41e5cf404bce8799e3b5da9b,1,0
b3b5f882574c24776fdd5cdad0a95123e50faddd,1,1
b2439d26f078c826e5e06b34d978a6f6d5c7c56f,1,0
28fda83805ec3f7402b04e894723fcc023f3ace5,1,1
b083916638eee513be501f53b42a4be0b9851db0,1,1
2c46d2aec054e61a33feac8c3992218eabdcc22a,1,0
53d58db5bbddae3d295e4e4799b6821499ec50d2,1,1
65329bf46bf9ddc37845c9a6823a8e8022d305b9,1,0
745e161c834f1eb6d62fc14477f51dae799e1e08,1,0
e4da1a81a967c05dfde6f0498cff1f6fe6683f52,1,0
a5d60783df61fbb67b7596b8a0f6b4b2e05251d5,1,1
7a8346429d6da4039a4687a8a07f3f8cdaf96d92,1,0
9cbb3fce5965f4e1423cace3d1dc340a7a8091f4,1,0
c8a179c701097b15d4fdcaaaf41a1119e964b01d,1,1
19b41f86457d945e98c236f67faf59d560861a4c,1,0
c912c2db2f5c2467ba34e4e655008a14532a3900,1,0
728be68bfe552f32cffc02e452544585dc2aed8e,1,0
dc2b80c191a67de8191f6323d532132fb257e402,1,1
8d6841d7641a418958d286e848f03858cbb391ee,1,0
a7d7b0163178b85546a075276a81f27c8c24b786,1,1
f0a702d1169a77334f1481d19fc08f8d8413083a,1,0
e43d76b40d3fda146b9cd1192c5504a257603b70,1,1
55820e1e840def3802fc366607f2b25e31036ab1,1,0
01a14098d3374e1b931d605da666300ee248d3d9,1,0
5b220e1e19c17b202d83d9be0868d152109ae8f0,1,0
d71a2f33ac466a437f316e7bb024d0175a7f3cd9,1,0
4d27b87785a743fdae653d395a3a4e763269c53c,1,0
a4a0acf8e17e3d08e28b721ceceb898fbc959ceb,1,1
8510d650d315a14a2364cc793b2f736c079e4979,1,0
0fbf8ed976af5bb43cf9cf2492161eb9688fee0c,1,1
6cc0be3f09ea77f00ca90702f8c8720d87426ca4,1,1
ab051e5cee8e07f1084e8d1a3c04ea3ae71a5662,1,1
904aa42e77aa7fb5f95408b4d1ffb4b2c3a805d7,1,0
0157443c56bcc50be4933ebdff3ece723dfd535c,1,0
3223e025562e187a2cdf95dc7dcca2c7aaa1911a,1,0
6f957724b94cb19f5c1c97efd01dd4df8ced323c,1,0
9394b429739cb65c741adbb50c8e2f93fa14e49b,1,1
3e478c06e83efc365e8351bff7b4c569f22e642d,1,0
615106f7509b7ba8f2e4f8b53219a8cf11c7889d,1,0
daf132d82a15a366cfe33911cedfc52c2d668320,1,0
fd29edc7232bc19f969e8f463138afc5472b3d5f,1,1
64fbf5e263a0698c6cf6e0580feebe9a6f502ae5,1,1
c32a5087b70a6706ebee70c4a56849f89c0503f7,1,0
f17ac878a555b9baad3954e0e8c6b390378bad5a,1,0
aa5125a45568f8f666f6d2f224fe8ab261b1069e,1,0
aadd41485bb227a16f964833a4fd55c091f4a729,1,0
e90072e25945249bf81ff92c8da81030afe9453b,1,1
c278c253f3d992c6994d08aa0efb2b6806ca396f,1,0
8e26df952372ff564b82bf72e0b579458195a01e,1,0
88fecaa27f398d95db6c405a1908292c6f0bc3ef,1,0
bc29489f712079378081e43d5b1b7470ed70184d,1,0
3593a6d64d774efb9d7ec80947607401ee6731c0,1,0
9e75ffa051cfaa550559db9e51e956f66d51d25e,1,1
63fa2c5b8f5f5e0e02193ee7700479b076ebd5e6,1,0
ac9dd9d384b018f1e1c5a9a2686ab5605ce55818,1,1
539b7600616595a6a561a2cdf052ea006625aae7,1,1
0af9a6a03bc2e0771bc7c2444c87382d95df354d,1,1
08a9b9857fc2d77600f09f3d342f6c64d25083b2,1,1
1302ccc1a771d6e713a28fbbf70fc6cd6ae93b07,1,0
b28d7b2dc27f0eef1ae608b49d6860f2463910f1,1,1
7c4da061f2e953df479b126b9263f0e845bce0ec,1,1
988a164cd8820974753ba6a9fc1827d2832c59d4,1,1
f7739f3708f786a0b071d8d8b59331525b0ccfd8,1,0
54212d06cfcbfb1376761ef5214cf866ef18a43f,1,1
d1a59868efa65379482c79de997973b06cefb9d2,1,1
6cd18e711dd8075da9d78cfc1239f912ff28968a,1,1
e69ec107946c2108e45ba098e8461bdf5271a3a1,1,0
0d78289c3dca3de8e614a551a3d4a9415168ace0,1,1
8bb0269160df2a60764013994d0bc5165406cf4a,1,0
7ad1437d6ace0e450a6c1167720608ad660b191d,1,0
8c0eadb88bc67cee8b83e08f5743bd7c378efdd9,1,0
1ce6d3b18339d70f9ad8e95cd21b538cf94b80bf,1,1
f77b86d7d3acf9dfcb5ee834628d12207584b2cb,1,1
d688e11007419fd060ae74d8d952a5c4ece735aa,1,1
8ef2d3040e5cf38f7d64a408038f576b4a5ec987,1,0
50e900417b8096939d12a46848f965e27a905e36,1,0
fd28dfc569ecfde6fe795d5a9c4c4983b13f6b9d,1,1
c40701eacbaebcfe3fb6fac8ef3da653021c212c,1,1
e21de10cd8b1338200d96038aa66fb966fcf6ed0,1,1
1dbc269e95f34cc071c33db6cd02a5f5f746226e,1,1
4f481ed22ec0d412336a13dc4477f6d0f3688882,1,0
931bb68ba6355b7111966c90822ed862c102a9cd,1,0
6f3ef94836155e8ddf261b8f0dbffe3cf05757ff,1,0
0618764cb25f6fa9fb31152995de42a8a0496475,1,0
e3bbb5910f5996c8640a65d0b1034b7a5463438f,1,0
77e258e85769ac58e4f9820509b5e33f8f9ffa41,1,1
47ab285a960ac456506297c93322ab13c3522f5a,1,0
18c6951091eca7645005a71b556106cc99a6f4b1,1,1
a93cff84edfb158d25efeb16d5ee57e72686a77c,1,0
fcb245c46fe15a5062155ba4a69fd2b3327f72df,1,1
b437aba85b5c4689543409d8407c016749231aae,1,0
bbc686b34650b0f54affe9d9a637ccbe02b03760,1,0
5114a04e6c73a0c6e74737e801b8a3b3d40c7e36,1,1
0b167f11085a34281349f395d200052b61a7e221,1,0
bf7e438bcaff4b732f86bb2eb48fc4fee04dc31b,1,1
cd866d01a61ac0f881e81605004c94677f3c17bf,1,1
c49c06e4960949a9bced708858433fcf6ca36a9c,1,1
144f7a561d32ae9bc657a217e2b4c6dd9a0d7df9,1,1
0f4d83ce51fc4404381170f3181cd50c7ed917c1,1,1
3797cf255b78aba797db1566e52289f8d16b8238,1,1
91794daed0469304ce2a023a93476da17c891e41,1,1
c187f461f5b570f5be5fa4a16d570dfff20b860b,1,0
d1897c9538edafd4ae6bbd03cc075962ddde2c21,1,0
351d6204bfc814a1aee300296d2f54460ffff172,1,1
e1517c00da6d35911b6451f886d55e22d56393ad,1,0
e1962da708ef75385f8818d02e7cac9991b9a2bb,1,1
13395c48c3def3e5afee7bd7a851f901374db5ec,1,0
f44fd18198eb26b62ba86b17016e9441ce95fc71,1,0
0a12bb1eaa097dc83018aa034faef113a91e6014,1,1
3f0c582826095c722ab6fbf91518282a765a0b68,1,1
5c468674d17056148da06218d4da5d04baf22eac,1,0
fc447a4d4c5db1686964c3813d09841ce021aab9,1,1
73972aad91db0c2d393feea26fab12205219a0c6,1,1
18b0bbd8ca6d3cb90425aa0d77b99a762c6d6de3,1,1
d54fc3bbc25641c7a0921902101a30a1d3e8ac98,1,1
adbff32298bb8992e62eeebe8dfaa984c061294d,1,0
84860c725364372a331589a600ce6a00437a14f8,1,1
e19babfc55fb7442f6d765eb76538b847623be41,1,0
9e02d8caaf90077bc47e054e4c3a41736245a9f8,1,1
d072ed6aff835c174e856ce3a428163c0da9e8f4,1,1
b37effdc52835e121a0e259e57273a19f9cd61a3,1,0
5fdd35070ceb79589d52fa247d1b359bd2bdc471,1,1
33f461e0c5d8efa21ef7e746be561fc57a1df106,1,0
af0b4d5a19e3d49059afe91307fce980291f43f9,1,0
2bf9946f2d4f269ba1d17265f49828142a3f5580,1,0
6afeb11de5b28e47adea1459c35e598bb98424d6,1,0
84f68660edd88d835ed64e9fda1102e6d0eae9be,1,1
4231c88d27d9e46e6ad6e6b7bbb6e442bcf9cd05,1,0
ff17e953cb70e37ceb7b487113a0a37441052219,1,1
21cb2a2ec5818cbba01bcb7f24388670322c77f9,1,0
fc2371c7b1b41c2e3c8123317933322173f8abae,1,1
8b6124345207e4c2141bed78f1bf7c4f526a6d19,1,1
f13d4e189d209af0f552e9900acd06ee4a35e601,1,0
20a324b5911cd6ca29bfd3b9e674043953a2790b,1,1
6d083dd7e9380664c971d4500c710aa9d7844c7a,1,1
9d8ae0f7029ba40446ccf45a481b4ec67c204659,1,1
dd5cd37602e0e14af90f88e531a80c34c305d318,1,1
dc50ddcd4c58a5a0226038307d6ef884bec9f8c2,1,1
6d1ab10e69ff5f3cb63920ba965ec0f1f0bdaf8d,1,0
030b4b3309e29c6c857d8521c3076743663c259e,1,1
4ec1520fd4eab8ecef29cb95511a79abb3a60a4e,1,1
b79a09b5915ff12c10d2e5accf4318776a152e80,1,0
d43317dcd074818d4bd12ddd4184a29aff98907b,1,0
43de99abf1f072136c0d3b4a26cef9c8e95a87dd,1,0
3c410402148e19a6e5b680cf8031447050c8dbba,1,1
e72310afc543731addfc02106516cda0022dcd76,1,0
c064efca9211d12bb9e6de8718fc39884eb883f2,1,0
e7374e48009a15a680d53bd1f9828b9b79a8aac9,1,1
705d201414382b0966d7c903d738dfdb9380e4af,1,0
1329c08ad6d2ddb304858f2972c67b508e8b0f0e,1,1
89af2739589365bf0dd2023c6a076b22ccd530f9,1,1
cd977dca10a9c6ce29a4720914718c74c3b84a76,1,1
71dfb744bd9e11e765036f8096d7c2c6c19d2b0f,1,0
7ed47e97297fd5ef473d0cc93f0455adbadaac83,1,0
fbd701aa1bdde240b8a07fb77b0f7baaac8fb154,1,0
00cbe9e4053fd562b6f21e76aca6636ff926b637,1,0
5479c78ac6f688ea5ea8c49b44cf90ea87b63931,1,1
ddf3187712efef9f0653adeede2c5ca27fe49a13,1,1
8fd7839702c132b64c556a7e58a30fa910c04382,1,1
bd63f8f6574da2db3d4539038cb99927f3ada8c3,1,1
48c054fec3506417b2598837b8062aae7114c200,1,0
6e1c3003fb08efd21dc31d62b065dd54c047c5e6,1,1
5a0cd4139f6de866063571d4f3aaf547f329f60c,1,1
8cb708f3d35e78f00528caf2f681900d2c7883b8,1,1
40dc23aa82d51147a24f659a7c006ae4bb14009a,1,0
667c952e7191ffb0a2703c8e173b0d5f0231a764,1,0
047445c579dc28772aadaac6b7b37289aad72b22,1,1
e6c9366b2adb52cba64b359b3050200743c7568c,1,1
c71a6e4b18767a736c17a5be001bb82ceb3bda80,1,1
09ae6345721afbb7cf3e0920209b140cbe7bff0d,1,1
bad4274a69328256eb3eaad4baaefd1b33491f7e,1,1
b7c1beb278e8e3dc664ed3df3fc786db126120a9,1,1
11679e1b90f6e52a3643efb45d06ea5adf65098a,1,1
f1a503dddf4d4da2b7bbf6ae4e92527bdc265bb9,1,1
4d054f2f1445aceedab3f9642692d55d2caa7ec6,1,0
147814adf1c657f647ee7e73027dbedde5ac2467,1,1
09393db72022286b30ec447f6732a74bf73037ca,1,1
db4186cf15a5a7e8e8526f7c158f042ccc3ed576,1,1
8f18a626e6346de92d2fadd187f50dae922ad2f6,1,0
5686a3730e4f39d7ef12333878a4e1f2112d33e7,1,0
8940c4125501cc7e28b38c00620c463499333dca,1,1
b77f69978cc954fb3f0944d26a217a78b964b85f,1,1
a1e7e16ed36b9b059c5ee94e372287418e2dc7bc,1,1
00deac224c023d5195a0795e4e9367fad6e85cee,1,0
e0b26cc997d57305b4097711e12e13992580ae34,1,0
4c78ba5918daf7965759a720687c58d2ebb0eb1f,1,0
c912c2db2f5c2467ba34e4e655008a14532a3900,1,0
21c91d2ee8b547e9661892d0532f69082c8a97aa,1,0
5b220e1e19c17b202d83d9be0868d152109ae8f0,1,0
552e1f2679b7b766b8b8de3dc6d83d9cd28f28b2,1,1
14bf7063b9e3e296e9f792ddeb57222c19ed6132,1,0
13101602c4a9f653d59af9469040797bc5b361ca,1,0
f7f0283776b6fe33f87f6a2ef15b1feb49ef6dac,1,1
0b146ca8d467c1dc6ad50628089d183608a47e40,1,1
6819d57f07440a8f9540967d9212a70e9c98eceb,1,0
04870568e6dae66d79ca144b0dcfa001324c562d,1,1
c35a7f18a0b237261dad57c9abd3adfa73f315e1,1,1
fb5e83a69b86ec76ccd2b321d0628fc15e00b46c,1,1
8533ee31cdc08fc1f2533e5f21f8e4abf6a57dfc,1,1
fd5253658b403d51fc19e56ecb44c54a3071fded,1,0
001a3f5abfd2d1da4597510b5f75fcf7ec97ed33,1,1
f840e23bcf16068eeffe8991ac38b58b82160e43,1,1
0b4dcea579a1b6f4d249d61f5bc8adeaa7c895d8,1,0
10b59359843a7e0c8b751ed17786d75b85beb612,1,0
8f51ae50df9421e52b1e89c20d699aa712e828ce,1,0
9e47abd862f71847a85f330435c7b3a9b1f76099,1,1
298402a3858e17e6a78acafa1dcd490167dd9f74,1,1
3879089ba3421bc8136025837b1a532729643371,1,0
221e31985b490309eb9ae33ac815deae3b5aa021,1,1
19944f88b420ce331fd9dc839e0853848053cdb1,1,0
da93b3172489e2eb51a93b0ab2238247a16c8e5b,1,1
71dfb744bd9e11e765036f8096d7c2c6c19d2b0f,1,0
fc16c6f7bdeb1f4bd238005d43cb7d5b7e4c3707,1,0
f37cd53769f52483f6a08344e7e831ac8522174c,1,1
86c58c4a8201251bd0083d0af8cda4e5610efa48,1,0
90cc62f3431b558ea10b0248e3ba85f656bf61f5,1,1
dadb95142bd4e8c2b831824e666bbc8b5888f501,1,1
49cd619c69d643b30a24029e40eb5364c7a26b2e,1,1
c2503cd3be9eacb1dd06ec5b6fba8bb06aac12a8,1,0
7c84d6a082f4ce5be50b264ce1d5a605768a2538,1,0
cb2974156823977fd2c700c64ff0867183b3f744,1,0
1ee48bdd22440c0b45f215fc41e16032383c1c81,1,0
d9115e1852ae8e0cb254cf170040e48e5e6c2923,1,1
ce9c22443e77594531be84ba8d523f4148ba09fe,1,1
4c129089217b7901b750bf8cd6fbfe79d0546321,1,1
98b3e4ae9595083cf0d555de45e393227d1204d5,1,0
86e722ab97d7f5f0552c8a0958f7910dfcf3c5b7,1,1
bcfff0b471a60df350338bcd727fc9b8a6aa54b2,1,0
f403e450e85cd403b63fd163d29b6b7f5e8eaf77,1,1
3f562a0b8f0b47c4315e08bccd6a0b2d7f5aae1b,1,0
73e216a8a42c0ef3d08071705c946c38fdbe12b0,1,1
6e990d202f6dddd9213208560ef82b99c629c474,1,1
a323fefc6f5079844dc62ffeb54f491d0242ca35,1,1
27cb62423caa06769a023e59664bb2189485aaf4,1,1
4e09db1dbfdc5c3654c4b5352174d224075d4b0e,1,1
56cd7a0d38c8bbee6cc3e981b7a2b78b6d47257d,1,0
cfb5966bef85412dab9c93553db10b3e99ac32e8,1,1
09a5d72d8e8308fa5505e8c5d4715c0b6a5eabcb,1,0
3458e4c0e5f8783ae699e1205062d1fdd2a48cca,1,1
fad9365bcc2a69ae16adc092e8ac192354980665,1,1
b7321e81fc369abe353cf094d4f0dc2fe11ab95f,1,1
7e5afad630204128ea478c023cd9d1f8dcf60086,1,0
cb3575217b8d0f89bed1e9731da29ddffe0bef7d,1,1
56ddb3b91703cb4cf92935e6a50cce47f92ca4d1,1,0
fc371a25eab8816d49c2d322d91b48a11e206018,1,0
81c68af03f4ea9a1adc0767f7a3993a1cbe2ab3d,1,1
9e13f1f9de1cb143fbae6f1170f26c8544b64cff,1,1
8820002c18cd3167d2800c002f13d78fa0325402,1,0
748f5301c0a91ad8bab2b74097bc25e3d99317b9,1,1
d9814c76ec35e53a6b6448c0f522da0c71907c81,1,1
c73685398dee3290dd9f67013f1cd310b7f9fb33,1,1
777e5d3ed55749e44febe3ae18dd9f0050bb8102,1,1
0a72de45d01e141dea4b6de2743922bb8da88905,1,0
86e870a601b6062a828cfd8d6f30ab4917ff328f,1,1
e5a7dc54eedde81e87832e02ba0f6b8c5a4d2d48,1,0
4c4b64925c382c41e3f577fc807e29495f0d788e,1,0
45bff2ea4285cac5b4438c65216e114d3619f123,1,0
90af89b93c664f42096ef89edc8f7c7fc776d426,1,1
1c02a9732aa2e5ec0eaf83e65044704af05e8400,1,0
95065a61e9bf25fb85295127fba893200c2bbbd8,1,1
c41c14056210e4a328659c82b1edaccb0910d18c,1,1
92896a8aabdb9a9b5b98d4a48e686d4eb78131cf,1,1
b1b4cd64d98c02a8fc1d8a19fbece6f743bfc6df,1,0
624d86fe0dd8dab7939241dc5b1a5b6cd1e5cf34,1,1
3438092b27b52c561dc2e5a8ca0b322b0320658c,1,1
5c32755570a155779cbad79cc7de50d9eca5d4c7,1,1
6cd0c583b04b2bd9415e07b51b63ab799949dd66,1,0
241e2dc9362b8d36847c0df00c24e0199234c7c6,1,0
5309809129ca3ab14f8bd5e5ef66c1b7686eb639,1,1
03b4776c408d2f4bf3a5d204e223724d154716d1,1,1
70a075a5133382340a5ee4f163c8fcb7ed107f4a,1,1
ffc548bb3601f0250474afcfa10ceb0b8b8b9764,1,0
5e47f1985d7107331c3f64fb3ec83d66fd73577e,1,0
d5b9d43f6abfb8af1433062bb32953cb422ac380,1,1
2c08522e5d2f0af2d6f05be558946dcbf8173683,1,1
46b348865011bf0d706fe1ec8c9cef08cf86ad40,1,1
01d0286194bf083deb8bf4f3fd2f9f0c33db1767,1,1
55cdf2ed53584247aab18d2689ba24264211ccf6,1,0
48ebf50f3136ac27f4252662e351230ffa2b15e5,1,1
856848737bd944c1db3ce0a66bbf67e56bd6f77d,1,0
ac90a149361a331f697d5aa500bedcff22054669,1,1
dfbfb50f6409a4c380f233706402ded243155392,1,0
50d0158fbba5c4cd04184bb757bf43a84c290405,1,0
07f1a4f5e89cd4e6c79d67d41e8a18c451214ae2,1,1
0584ffa548b6e59aceb027112f23a55f0133400e,1,1
45909d67a5727d9dcc77d13bedb707a5c5fd2161,1,1
3458e4c0e5f8783ae699e1205062d1fdd2a48cca,1,1
d002fce24a7206e95f9492031f45adc35711e183,1,1
316eb661f125397d46f16f94e3c81ad3dc4c1233,1,0
c42b110caeb128819104d057acdaa1ae564b7c8d,1,0
82f5e5cea5da9c1488c4d6572dc85e352b1b5b29,1,0
58625edf9e2515ed41dac2a24fa8004030a87b87,1,1
164b8167855415771a82715ef59a300af8c2bafa,1,0
b77f69978cc954fb3f0944d26a217a78b964b85f,1,1
bf56d57638452a8ee9241c9ca082d59cd2ca4cc8,1,1
d86dee3eddfaec1f2faddc5b807f2b13d58adcdd,1,1
dadefe3b710b706b607b51e901bbe6fb05cc515c,1,1
c225f2ffc8a44d9796723aa97bbdfcf331a836c5,1,0
d93c6b01de409ff092cfda9c92825278d7d3919c,1,0
7ed23baf58e09e73fa9036a70f3a627bb89b5af2,1,1
abdd2e80a57e5f7278f47913315065f0a3d78d20,1,1
b545bc96a9e1a875beb50d9202161864ca8164d8,1,0
266f241193b2fa8c99bb8b1f007c66bedd3b7d97,1,1
3b6bb5b705a4051c9899f5e3100c117c261d2742,1,0
396238573072714ef5c09846192703302ff6d367,1,0
f087413e36179196b641fcba42b8b4037cfcfbf0,1,1
561a365dca6e392c5f6cd718784c57627819eef4,1,0
09b029b6b68daa4b961841173d90f267cee9c117,1,1
d84248bf46582a406116c55b94405c05193773b1,1,0
3819a35fdb8f82428c2b5190f195c4e0b8c427bf,1,1
a5d60783df61fbb67b7596b8a0f6b4b2e05251d5,1,1
d3383aaae9800b9e13e25b71f70dff3814d10373,1,0
673d3da145a3f5df9c07b2466aeda1f22ab06bda,1,0
8d606cd3f6bce304874b1d7745d40d11f64ea17d,1,1
32f1d2c536d0c26c5814cb0e6a0606c42d02fac1,1,0
5e29722923189425ce9f8a04f92055e3476cc648,1,1
455c161c47542de7e67d2ba48bba637e5a645388,1,1
4b99b9c0219f6bdb849f921d6d343d9dc6456025,1,1
c0905047b4bc6c93f3970834b53922e2f128f87d,1,0
81a81fb3133c5ae6c824333380308e5d9d749776,1,0
2e9fb9953df91ef6310da22182ca8f4496907502,1,1
4938cf0c7a62025bbfbf3db7bcdcc2c33312bedb,1,0
87d96c34a9b2f6d74fdc0f2d1ccb408fc646e84b,1,0
8dbc4db7507c3696d6f6689d2197de513773d5b7,1,1
02ac2460ff126afadf8d364c82ebb13e116df33b,1,1
1bbd1592c89a433e1a0501d582652d54d367ca53,1,1
cf8039036a6e9c5f7144841925f212a957faf1aa,1,1
79f5d67e9db35d53b478699393590392f7be03ac,1,0
84588a93d097bace24b9233930f82511d4f34210,1,0
d7bb74c38cb3de40600dcbba50a4f84df290dc91,1,0
292d6878fa3e7fd2ab0f7275a78190639ad116d4,1,1
ccece235d3737221e7a1118fdbd8474112adac84,1,1
c7867da944fd0717ba2a026d8bf76e9235e012b8,1,1
39bd4177ddbeb4c86e854d3d5c4a6a26088e601e,1,1
e511d1ae16745baca1e6d807c5b963716e8bdd01,1,0
9398024c048092786f1dcf0809fb55bdbf96a70f,1,0
4f45d320ba97ad2f1107a56e8b2af0dd7e764502,1,1
9bbd4a2b8c77165f9d7bf3298a2af19db0afe876,1,1
bb0e5f266045769d48bc3c8e7de5d20fc346cdb1,1,0
28fbe9562905131194151e14f0370c8e571cbd11,1,0
293ed23f1201d33a9510cf062213faa51ef620d4,1,1
d9fbba56804a7a7bcceaa5d4b7e29e3f15fc0e59,1,1
4961a5323f5d873e2170c5ef4f48538930e6df3e,1,0
1fb5b78650cb8b80d235c471b1d2f306878d59dd,1,0
8a3cbbb97587406c8acb1187b115c3af7f8afcd9,1,0
777953182ea9a750e744bd0a50fb8893cd061397,1,0
1b7b533f65db9b31f76972b2899ec7ec6433ae77,1,1
1f9296b51a26650916a2c4191268bb64057bdc5f,1,0
1d666839ba37da9280df8b463eed86b630a55a76,1,0
87c31cfd7a2cd7893c589b4f25d6d45b196e20c1,1,1
f403e450e85cd403b63fd163d29b6b7f5e8eaf77,1,1
3531bc5d8c356c56cc40b2a82b7a323981537995,1,0
f5ef3c105bee3a52486d7b55cef3330fcde9bca6,1,1
b083916638eee513be501f53b42a4be0b9851db0,1,1
b30069291dc7f9b9a073c33d619818fe4a8e50de,1,0
3129cd0140b15b80f3e7106f308ce19226ef0b1d,1,0
c140bbb5dbf76e051205d33911df12bd33b270ca,1,0
41ee7caf59e1c68d696162523cdf1fa7f717a731,1,0
ecd11c82c3b775afb9ea3c94d1e1bb77604cca46,1,0
7ab5118d7c2be650bc936894f159dc1c597badae,1,1
e9fe395e47bef9b948657b788c65cbfbd2433cc4,1,1
4b5060ddae2b03c5387321fafc089d242225697a,1,0
0bad33df964c58ce194f34a607866c3619591286,1,1
2e783830932d71496e993641258b16dfde9955ca,1,0
dfd5d5692c7ddf27380511b80a3dc590acfc4eee,1,0
5f18611038f9c9d503318490069b730c942523f8,1,1
169b7d35e333230038b2ba678924d24254713eee,1,1
ea2fda46c3d12a17ebba07c139b4cd65ea0b63d9,1,0
92b8e897f6e7ba4aa10037ebd8186f85d39330d0,1,1
9e2a3e2262a6ea4d4bd98daf366aad218b7c0a22,1,0
f3bd7d3ae2379ebecb96e8d2d5bd990c7b68aa21,1,1
92deefcbca269ef0fda6539fc102b392d1871649,1,1
87b2bdf02278e5623cc66e5189792fde01f829a3,1,1
b201b1393916479acb982c42f04081c723ba6b35,1,1
6848ad6461e551849ba3c32d945d4f45e96453a6,1,0
84917a310323f403075b2ef7ab4849a7964ec21f,1,1
c420ca076642f0dee6145f1cb9317d6c04955d88,1,0
22f5d9f8217656fc30a038d1ebb5a68f03b57a65,1,0
e3bbb5910f5996c8640a65d0b1034b7a5463438f,1,0
0e761b58395dc51ea7279b94ca8a69bfff51d58a,1,1
b5bae2612af92fd8e7bcdcf7ce3e0259e8d341c9,1,1
1cea02a2f6455ec7dd247ec099509b11dc4520bd,1,0
8f0d93fb12d7d227c6d715677b3063fb95685ea2,1,1
84c4a9dfbf430861e7588d95ae3ff61535dca351,1,0
47df714a091941db421e406344aa4bb0ad6a6ed6,1,0
a301b0c8f2627f0c0f4c6fd1015c6140a875d0b4,1,0
45c098179205b23d92b188048d378abd0c23024b,1,1
a3548077062dd9dc2701ebffd931ba6eaef40bec,1,1
134ebfd86b9353a3d98f9f4e93b4e79824a4b49a,1,1
e91926e9ea9073d8ce95b74602e8c2d775f5a793,1,1
24e9b9119308731504ca6c2e1de80471f1fd9aea,1,1
be65960f1d468fff8f6a571c9ee44942c14bfd81,1,1
4999e9621a58fa03fe18aa2ea55838bd2e755190,1,0
b7f7b748ed6b4a084ba6298f344548357914f2cf,1,1
8286d6b14c7c0e2c52d565a8727f6028a487fcf0,1,1
587fe586f44a48f9691001ba6c45b86c8e4ba21f,1,1
8f730dd24edd2576ecbd596de7ea4361296b129c,1,0
153458ff7ed5949cd5b07a2355a34aad9891ad98,1,1
84bc1c8593861e6027488dd71de0ed7d7a4af172,1,0
c35a7f18a0b237261dad57c9abd3adfa73f315e1,1,1
202736d99b7f29279db9da61587f11a08a04a9c6,1,1
386e52b95550db87c93455e3c0efe3cc4543f036,1,0
cda4ee3f2e6907e89baf7a12e02e02fa208c0625,1,1
1b0bfee39d531ffaf91b3294a2204b2ed8151fb8,1,0
6b1d1a732f886936fe515d911b1a01d9cc50e179,1,1
e61a9bf1c908aba426db8e18d3c834c267f5d9b6,1,1
63c43b0ec1765b74c734d465ba6345ef4f434df8,1,0
5388f0b479c56179d566c49afd8765fefef4a18e,1,0
d6b3210d4ed626e58d72b0c439ecba06617f963e,1,1
b10ab4c337a600456ed2d9daea0331016f7cdeeb,1,1
32c8fad438200b523ec44a49b40cb8ffdf715f7c,1,0
50a749c1f2fc8f03232c174c9dbc78a78f9bebfd,1,0
8c0e88cb8d607643254416418aee8e6acdf11d3f,1,1
cddf148028f525be8176e7f1cbbf4f862bd287f6,1,1
a3cb40483acdd9caeb1974e301c3e5d5926a1221,1,0
122bdf67f15a22bcabf6c2cab3a545d17ccf68dc,1,0
63088ec7c8eadfe08b96127a41b385ec9742dace,1,0
f2b5cc834b69d2999b749144481de9a94f01bc48,1,0
f94c44573e7c22860e2c3dfe349c45f72ba35ad3,1,1
0efc4883a6b3de12476cd7a35e638c0a9f5fd75f,1,1
e9db5c21d3646a6454fcd04938dd215ac3ab620a,1,1
204e2ab22e1e2d0eb7b4cb929bc4b417226474b8,1,1
101c5838aca7cc259f0d06626e993a21792c8232,1,1
794de08a16cf1fc1bf785dc48f66d36218cf6d88,1,0
1c02f000e78347aa51822feb189fcb0d90273958,1,0
8b5c29b6c2ab00f8fb545475238a99f575b5d81d,1,0
6f5c0992a39c8728d82e6b8cb7ba0e65b7e88d9a,1,0
18531e52331becf277cc16bab7eaecfe9cbac885,1,0
258a0ec8734de09f2ef3fcd612d14b8af9811914,1,1
9667ee4f72c7dafce993b71104a52beb7c3aff15,1,1
dac8f847c48adeeece5aba57600d08d2499d39b2,1,0
0131971e11cc1ea7d4c9d1d7914cfd452960b2df,1,0
b2439d26f078c826e5e06b34d978a6f6d5c7c56f,1,0
c7c54f3623fa6928c5f14e544938547b1dccbeed,1,1
6b5d7a9f6f7ff0e096829c1d82f70d5a6066b889,1,1
c3658e8d0f10147fc86018be7f11668246c156d3,1,1
7ab242ecbe715922f82442a261aa7cbc6d6e132e,1,0
01d6e08711bf90bc4d7ead14a93a0cbd73b1896a,1,1
33b83d89e3720aecc60b4df3d8021cbc5780dd91,1,0
ac75fe5d8fe4a0bf063be18fb29684405279e79e,1,0
f461a1d80c865e5ec4d24107adbab8b010b60e32,1,1
3d3199be423b9f2fea3ff1958f1e6bcffeb08b72,1,1
ad0f409051a67dde8d454990e09b6db41f675876,1,1
74ab56cbac51df0c7777a5db3e4db845d061f27f,1,1
1f2b69f9bdce8461341e5fb864568a2ee90079c8,1,0
75ac253a2391a2449ff29f447405fba227cc4afb,1,1
2a10840945a86dfa2356bce526ae78cd4c1a356e,1,1
bbcc22d2ad8e99e377a4d713de251d08a4cf15b2,1,0
a62f44a5f47ce45e524b55f91542dc386c6de7ef,1,1
b7af40433870aa0636932ad39b0c48a0cb319057,1,1
e511d1ae16745baca1e6d807c5b963716e8bdd01,1,0
885f3cad982eabbc85c2ab052bc44453e4aca6d3,1,0
07da60c1f45a6a5f563429e88e8c94c82f9132eb,1,1
d913c7439add288b50752186b306634df2ae21e7,1,1
d5b1507a207253b39e810e91e68f9598691b7a29,1,0
83330cf5fae65423c24c5a0fb3705675236d88ed,1,1
052897ca5019d9157ae09e5e84eee2a9ef5dccc6,1,0
1027fcb206a0fb8348e63aff078c74bdee1c2698,1,1
56de2897a68e3a8795b0b3c593dad1c5832696e0,1,1
9ba1596c460df00569612909a6bb4d7fa7f25844,1,1
70976a7926b42d87e0c575412b85a8f5c1e48fad,1,0
7363cfc8666692a5263c646e68e54900b536cd7e,1,0
7da9bc00f26dc06ad3072de22563472220cdfa9f,1,1
a55de104ab986c84f0baada1e5085170a9c34aa4,1,1
991f0c0e33e2a57120970d28c08384c77505bfca,1,0
a4f1bac62564049ea4718c4624b0fadc9f597c84,1,1
0157443c56bcc50be4933ebdff3ece723dfd535c,1,0
743db2d903bc4e963a31496328d847d69f75047c,1,1
f7f34477765052c0606344dae955b10e31b6dad0,1,0
9d6e083e307b2b93d38cdd081decd2826d8cceb2,1,0
2a6315ca00dbf0c98fed822ce0a5d993c3970271,1,0
fd9db7297749c05fcf5721ce5393a5a8b8772f2a,1,1
433c5f706856689be25928a99636e724fb3ea7cf,1,1
3dbf9afe857d480993786bea0ede9dd9526776d2,1,0
bcf142a30f097c7e183ef959dd540b9d225b729d,1,1
f1eacafbc83aade26bd79b82fc93fe9448051f92,1,1
8594bb90f0059e87a6d1176fe370f95456661f97,1,0
e357da7b90360f818630d3266bff5f98b001011c,1,1
774830050aff71bcf02c68c0767f401240385842,1,0
eb2f391018facf1e31e88800f3109b382da3f59c,1,1
b948ab8132e24d215072120e210139dc456d4997,1,1
d1c627b59c8e69d40b94a4ff28a582a84c6a95a3,1,0
bd248a0b8020dde767dca1a46a727c89ae14ee5e,1,1
0ad8b480d6ee916aa84324f69acf690142aecd0e,1,0
37d46dc21d708192b12aa13617ebe6a117b07363,1,0
1c3fc152b8ebadd59814767e3189c961b73f20c8,1,1
32754323ff4cfb36de91b94bd335dd969fce8953,1,1
095ed5be7b61b7168020f0b807c9789b277a3956,1,1
4440b27d41faa504a4e48203284233625aaac9c5,1,0
ccba7cc4fb61bd7638cedd8251c1f62b43a161b5,1,1
91291e9998d208370eb8156c760691b873bd7522,1,1
b7f5d0114c708d6efd264a2c5e5a31cf292a9cec,1,1
bf20109876505eddc2c741e87e96e7cb54af9efa,1,0
f49baeff50d0be9c8d86aed6fb4a08841aa3da41,1,1
728996829b3e2a3bbacb7390e6c040dd839cdf21,1,0
67d2e2dfab31b4c0497ce8a84d63efc931f10bb7,1,0
98114659e0d467e2c0ee6f24f2429329328fc312,1,1
73182dfcf89f554158d2570b84568e9f62d2b328,1,0
4d4cf23cdde2f8f9324f5684a7f349e182039529,1,0
4b14e4519031abe6c842cdb017bfa3d206ed8a99,1,1
4d3cc0bc6de3e8be454851e84a6cce70b4aa9ac2,1,0
66ac9fe7bacf9fa76c472efc7a7aaa590c7bce6a,1,1
2b2fec4d08a0aabe20d2e749cb7978f04217af65,1,0
ceec634076b91bea57107541a46e92d765c69488,1,1
3fe894862903208f2f9f157c31e352998b689373,1,0
3f8a235d17d62e93f9492151c81001c7407f32f9,1,0
105900d56e6f8a4dd47bb88fa387ab22ea787884,1,1
56921becdd1eb0720603fc2e6e4c7f518196d917,1,1
c1099c3294c2344110085a38c50e478a5992b368,1,0
49cd619c69d643b30a24029e40eb5364c7a26b2e,1,1
df3795025337479a639cb3cd26c93a4e82ccd4db,1,1
01cbea3293929acecef6785b7ea5be547dc039bc,1,1
3e413872b1832e1cf6de037ec01b2c4c992f0136,1,0
627dd7fe7ee68259a76c742ea9fdb0916101d152,1,0
652d81b2c2201922f0fef2bbd171299ce3798d12,1,1
3d00ac1a2ee0294fc3d460e6013a5cdd9c73ea6c,1,1
5870741b66ecc00855198642342da76bf74c3078,1,1
82af308f658cf2193e5058bbbfd37c3437cfb4e7,1,0
d9e8fa3d13be54246297ac9776e835ce0bdcd362,1,0
86771c68040de98c83be290defaf5d38afd716c2,1,1
0f94de810718cd945cd9bd656af7037a809c7c21,1,1
0fbf8ed976af5bb43cf9cf2492161eb9688fee0c,1,1
26bb38e68ba1352440793df17eeb3bbdf1fbce7c,1,0
83c8c9bde0add721f7509aa446455183b040b931,1,1
c905b2617f2672181a099d8df3fa499ef3abdcf9,1,1
296d83b21db5e856d50003943011fd1e1c0c845a,1,1
28aaa950320fc7b8df3f6d2d34fa7833391a9b72,1,0
7923dee035ec81f6e4ad696e3edddbdd34d37873,1,1
e913da556ab8f7bfc51a40ec656d30a45ca29648,1,1
879051c3086f3d78ad5955044eb7ec9d44ed22d1,1,1
017094144344adbf88b1ac302faac40dc5e6ca20,1,0
840af824b2bf9194ea596e0ddc7aa05066794ca1,1,1
bccfe804800c7b163483c4a2e28269fde34b10bd,1,1
f08af3ed827471cb6ceb369b755a6fc4f9619df4,1,1
4fa9817e13067efe4876b719559788c542a5f203,1,1
7841d554809b518a22349e7e39b6b63f8a48d0fb,1,1
fd9ac1c5355ac463747bb3a84bce777dcbd4549b,1,0
41e1d60ea50a97fe1c3f8075a13761ddc17dd45a,1,1
81a7be2cd69b412ab6aeacfe5ebf1bb6e5bce955,1,1
a76f48e53382e6f039db6278443e3ce437653302,1,0
56b04c1e2383414062243e4ca0a7010f999c42fb,1,0
b50a62bb39c66e6ed5f1f581bb32644936f08cf3,1,1
4cfa892c03b35f3c61d93e0d8d97ff8db074818f,1,1
f0553af054d31f48a75fddd3ef8beb5c39715019,1,1
b3744ae611a1920aa37b44aa3b37f02c7f23a5ba,1,1
b2a5cd6938879b5bcfef0a73c28fea84c49519c2,1,0
2d838bb608e2d1f6cb4280e76748cb812dc822e7,1,0
7d52ad9e177b32008aba54ae067749d246113e6b,1,0
60c031531a85b3580f66c2530f9b2802adcad4df,1,0
5279fc7724ae3a82c9cfe5b09c1fb07ff0e41056,1,1
a3f5ee2dbeaae45dc7ec88398c8cc1fdf7c0585c,1,0
eb74cc97b830c1e438dc1d6b049f17bdb2b9aae5,1,0
620678244bc7b83287e2e283ed4fe6b959e94b7d,1,1
71bdcf8056f910dc57ea3d0def80a9329e7dc52d,1,1
55f2291142efa42acab362bf71b52e03bd275a42,1,1
f23938f5b799e8859693aec1ce55ef04490c6aab,1,1
76970580f8821a436e3efd59987b75ac523fb64e,1,1
9b46b3f7e6f43d260236cc127910a47144f95333,1,1
f61500e000eedc0c7a0201200a7f00ba5529c002,1,0
64574ac5fb0110def92bef25c3e3007bfe0d074c,1,1
cceb0c5b4a24d9027abfc47924d5f93af87034b4,1,0
bed8c0e6fe010dd040f1db6f9554511149902555,1,1
f9e6fac357a42cdcc1b838582825aedad7c920e4,1,1
87fa3bb0786f37dff0b92f2c38421dd56d8902a9,1,0
93f3c060d2faec4c5057ad83ea4e1dea5139f2db,1,1
9b88748b362c3b449bfac05ae1353b73b40a785f,1,0
33ca6770e891c9be2cf5eb577f2f9067a63d6f05,1,1
f3680312a737355ddf35c1b68af25e384d7ef0a8,1,1
6a6383bebcb03a785797007031ad1c9786a508a5,1,1
9adb8c1d4f0ac78b3469e377ce5f8a846cbaedaf,1,1
6c03ee8bdaa10401f60dee25a719753d2fbbcc36,1,1
19c48e7edb280b4ea36f7a043d9d9f2ec94e3c9a,1,0
6b6680c4ea3952af8ae76915cbca41245147741b,1,0
12b23a0ff448672e04ffe2e0fb973751f8a42a34,1,1
637aff46f94a754207c80c8c64bf1b74f24b967d,1,0
93f41dbdfdb047a87872a772881405aefcf6828e,1,0
5343e446014b93f740d5502f9f3bfa3f66dcbc7c,1,0
7f30e49ee1c2c1e95ce9d2ccce5221ddb793dd60,1,1
751f8cfe2a556b3ef49f6af2860e2d1d2a1ec66a,1,0
fd3cba3f735e4106450ba9f59d042136ff9f7570,1,1
956bab4cf0ded695ffc0ba5aff32a51ba1135c6d,1,1
5799d9e2eab20ef694fb92a7636f451e1b0e456c,1,1
620678244bc7b83287e2e283ed4fe6b959e94b7d,1,1
241f8465d07ecc0696bcda994a1f44d836b8809c,1,0
b50c460a6c03284f7e1b4cfe9266df0f9169ad24,1,0
433c5f706856689be25928a99636e724fb3ea7cf,1,1
d2ac3eb8520c68260887d725fe7d7559672139a0,1,0
c7d07aaac4665557ef24a0c1f1949e59825896b2,1,1
23b29ed80bd7184398317a111dc488605cb66c7f,1,1
932d143dddb169d0d48af69880bc9d18810f0aae,1,1
3d146065c3e94b3a8820692e41a54f35d9905992,1,1
858b9ced6e73a0f087294c398a1ae70a7eeed94f,1,0
8382fcac1b813ad0a4e68a838fc7ae93fa39eda0,1,0
c45f76112f294afe8898efd300132b2294bdd322,1,0
a25d912dca9cd553440167e0476c47581359c0fc,1,0
0d879e3323b3ea89c68f9c358b832cf9f22af008,1,0
3d8a408c43828d586629204fe22134ae8f39b8be,1,0
22afa7b5b67bb8bc58939d100363ee6753a50467,1,0
e3c72c21d62aadabf4df436c3e2c7219eeeccc1c,1,0
0441d6ffc705de17d85923264a1b03b71ebfccb8,1,1
196cfa65972e055287b3d11ca7323a5f8b3d162b,1,1
70f67d065f1b69722df177a54c39d83f21fe3536,1,1
4246032216181c778f7ddf7f2e062cada2ef346d,1,1
49cdc4c74918a5576cb93b679629714d8a9ef399,1,1
3c184ea24805722634a8684e3fc7dd05bf8fb426,1,1
8c7dd08a8ccac3f0f3df6002dc8e86d3ca6c56a8,1,1
c0745772cfcf3706bdcbbd424af6a6ea2fa0ca40,1,0
d9e6620c8ee108f068cd703b3b82d9a8d38c1ada,1,0
74411c04540404a1ff29d254584ef393e150aeda,1,0
8cdef277b24e11ab48932c38a14aaa5bd5f19bfe,1,1
01cbea3293929acecef6785b7ea5be547dc039bc,1,1
5597c93b640b9ce6eacd6f1363481389c03fc3bf,1,1
f6ecb58448628ce1049db1d8aa3de5a28170160a,1,0
ce9c22443e77594531be84ba8d523f4148ba09fe,1,1
62313f4841da9303582969adf89160e233b01ab4,1,1
4251153aa7382bbca376e5b9f0c545741d4294ec,1,1
45633fb370fdd16608756d587245459bf8983a26,1,1
0cc9314eaf82ecf9914ad2c845574ed5e63c0374,1,0
342c43d154e586bc022c86b168fe8d36f69da9d3,1,0
7937fb2a0f52de2d9344d7828d5715b82d1184ca,1,0
d14df339c72b6efbba4eddd1d1f3f4b173273f74,1,1
c5dd553b9fd069892c9e2de734f4f604e280fa7a,1,0
506f90eeae682dc96c11c7aefac0262b3a560b49,1,1
40bea976c72b9ee60f8d097852deb53ccbeaffbe,1,0
39bd4177ddbeb4c86e854d3d5c4a6a26088e601e,1,1
620678244bc7b83287e2e283ed4fe6b959e94b7d,1,1
26f027fba1c5ab482fa2488fbe0fa36c8bb33b69,1,1
878b8619f711280fd05845e21956434b5e588cc4,1,1
d3f684f2820a7f42acef68bea6622d9032127fb2,1,1
6db6340c42d027b6364d49fa99d69019aca24de4,1,1
c84750906b4818d4929fbf73a4ae6c113b94f52b,1,1
09b029b6b68daa4b961841173d90f267cee9c117,1,1
46c6d45d7875a0328258a574e376ae75f7b2a64b,1,1
3ba72b25211217de195e3f528dd36132b38a205b,1,0
c5e801dac4daff972013613ae3edae6668b2aa7c,1,1
1a43cb0b17d05a5fa9c728eaaa5e547896fc2f21,1,1
0ffdd581497286e8af529b0b39770c01eab15b30,1,1
dd802406e396c22dfb5aa0d16196f04d515be49e,1,0
5fcdfacc01f3a3415b75acb172cd75c9fe1cbda5,1,0
fc459ad70dac4052095dd1b7ce582ce4ea09d597,1,0
257d569821165a76fb4c91d74909c2e61fe41e46,1,1
2895db67b01cb875457c9c3f30a14723b6b5dfd5,1,1
fd39abee9e88276251f31f6c3cbefadb2d25486f,1,0
46c6d45d7875a0328258a574e376ae75f7b2a64b,1,1
8b76f46a2db29407fed66cf4aca19d61b3dcb3e1,1,0
3725e9dd5bef376ab87d41e40c437a6b2a20eb59,1,1
155e4e12b9f49c2dc817bb4c44e9416c46833c3d,1,1
e384f41409cb9e543fbc84b375e2ba46cbcbec6a,1,1
327531bada36e5786b13bb6918ad8afc545adfa2,1,0
7521c4bab28ff3a622171be5b39a6b210f4263f0,1,0
ef934e89f5e68535c447789b74de42cf389e55de,1,0
23231048309ea8eed0189f1eb8f870f08703cac0,1,1
2015de5fe2a47086a3260802275932bfd810884e,1,1
d6bd0e6b32ea72be91e5789b1e838c244f8a05d9,1,1
2c1a20de1ca64e1884c6406121a2df4d51a63642,1,0
86ee1e49cf8bd07d4e849be8f056c6bc179686b8,1,1
910c9c0f59567ec204924d88ca04337bb04f17d9,1,0
9d6e083e307b2b93d38cdd081decd2826d8cceb2,1,0
c81fac5cb8c92b8b4795ac250a46c7514d1fce06,1,0
aee9a4a555b3f1440cc3943d7b9ab5fa072ec62e,1,1
58eb5a6763deab71208fbff15b09055fac884b11,1,0
4cc83a68764fa8aa524b0ca9dbc11ea199d78f8f,1,1
b1dd9ca177bd2ff5260376dd024dd43eb4631dc7,1,0
5820583ce40b8311829efb7d304d0a85f9716ca7,1,1
5e203e846133e28d0e36ca70ef1c30e72a922c14,1,0
06df572909080786e128eabdb2e39a12bce239de,1,1
9acd56d3f2a05191ee369cbdd8c37dd547aa19b8,1,0
8531357e88dfa1bdc4657e8668dfb9856864d92e,1,1
9fef37d7cf170522fb354d6d0ea6de09b9b16678,1,0
b02316146b35cd03715d166acb35d88f33eac990,1,1
0ce187c4f32d77eae077f249aa10656b5eef5f28,1,0
ce36f6ad862fc3bc2466c89de17694e582a778b5,1,0
c49c06e4960949a9bced708858433fcf6ca36a9c,1,1
ccfcaee1dc49af83c9271263f13436f88de69e95,1,1
9dc7efd3978aa67ae598129d2a3f240b390ce508,1,1
5c694129c8db6d89c9be109049a16510b2f70f6d,1,1
d2f19fa13ee5e78d4195a771f8f1ff7d42a80740,1,1
1708e2eb042f3511a2a02dbf7f6fbb22afe51e2d,1,1
fa9765323a93473d3853d04c9903958453c92ad4,1,1
fc8efe940e9364ffd8d05023f0d96747f854388b,1,1
b64c115eb22516ecd187c74ad6de3f1693f1dc7b,1,1
cf08cff8a1c2ac698ed75077c0728d564f629e52,1,1
4da7e9617fd28bee0b8c7509a00759ca9da6fb32,1,0
ee684c5ed18df4cc703e00c783f7ea89fbb500fe,1,0
743db2d903bc4e963a31496328d847d69f75047c,1,1
f3bd362a1857c617a4154062cadd501fc52c4199,1,0
0cb33abe8b2196fb26baf459f66d9d7b9e920013,1,1
e9fe395e47bef9b948657b788c65cbfbd2433cc4,1,1
3ad62e87cd38817361e165cf4ad496ab76e19e81,1,0
a52f4cd2b1a863a42c1cb268b1cddad451cdfede,1,0
d9e5021fe79973d00ddd8fcef0bbefbaae63dd0f,1,0
9fa728ea35501fb5cd56880839ad867265c61822,1,1
db1322b8012e1a8ad711c04813817328cff46718,1,1
ab42bf24ee4f65e27f9f3ce6b5d65ec56568ca53,1,1
4f59ab50b7b1693e26ce60be1550bb41655e050b,1,0
d755330c5e0658d8056242b5b81e2f44ed7a96d8,1,0
c2a1cd9c929952c5aeca8fee91649a83e8fc8021,1,1
b04b7023751bf6519eee64467b6477f0e7fb82a1,1,1
2620df13104ddaa136158eb6bb1195adbf9d7692,1,1
6b614a87f3f477571e319281e84dba11e0ea0a76,1,0
8e9bdd5a63e67c6adb403c2aac4a25e0595ea147,1,1
32c8fad438200b523ec44a49b40cb8ffdf715f7c,1,0
65976878ca692566ed066f4fa977de517f697c59,1,1
fef4c86e59a76f2ec1a77d5732f40752700bd5dd,1,1
0f4bbb233743bdfd51d47688b0bc2561f310488b,1,1
867b203ba688b17c00a22b749e0ea1316975462a,1,0
eb05b22b019c32121dc624c3ecd23b9b1a74749e,1,1
f19377bf234a3359b0a03844822e97de80ad4f30,1,1
e83b171568e6a69cff5eb592907b71e480b535ac,1,0
89992670e10271e6208ca6f875c878ce90601750,1,1
2c4e1e84cefb70ac2c57679f0490525e8620ffd6,1,1
466f9576c096ffe9f358e7017e874df1c302d666,1,0
007cd223de527b5f41278f2d886c1a4beb3e67aa,1,1
9c53019d95c7b73f14c8bb39cddadacab16d0bf9,1,0
32f1d2c536d0c26c5814cb0e6a0606c42d02fac1,1,0
8844f97238ca6c1ca92a5d6c69f53efd361a266f,1,1
2396e37d8ac496d24c007ebc204daeaf06ad5ccc,1,1
5abd363f738dcd048ee790fb9b84d0768a8a407f,1,0
b0fb607f71d95ab4b73115415849286ffb63bc2b,1,0
edae38a6431276c50d4b51543c36de258722358e,1,0
5051fd69773d2d044734b78516317a04d3774871,1,1
a5593e0b329a14dea41ea173380dbf1533de2bd2,1,1
cb74cf5349a6a9225bbab278a808d5a0739c3b2c,1,0
9f06c1c61e876e930753da200bfe835817e30a53,1,0
9c603e53d380459fb62fec7cd085acb0b74ac18f,1,0
5dbd5068430b8bd1c19387d46d6c1a88b261257f,1,1
d0a530441ea9f2f10172c7f31a007f6b23d3fc19,1,1
7d80fee5b9e663148ddee714e3b755a0af20508d,1,0
1632a576e68c27229b31f0d1203ff90220e0e024,1,1
a8d02f2bc90e8d963f1a95f7a75de520259bb2d2,1,1
ca0a10672dad94aa1f89645f89eb6047b7bf2a19,1,0
96178f26d711c71a46e0ec98bb8b5ec4ca84bda1,1,1
a8590a9aee2762b69bbe0db0ed971d4c74d05ce2,1,1
9d47dec0481d8cd53b2c1053c96bfa3f78357d6a,1,0
91f3700296bd881942125477f142693e97fb4392,1,1
c2f0f82bb4aadf5eaf7bc72f4c990dd875d91731,1,1
82bf90c62834842249c4f94535079f5cbec9014c,1,0
da5e897232ef824daf9a492e746ed22cf2a43f18,1,1
b035ceab2e15bacc3b255cc4dd448fde9e7adf6b,1,1
9c962f3c12e00865a2cf85ef3dfeb74f612755ed,1,0
cee010ec5211b96f33c5c2208f5c14ebb04b634a,1,0
1f961c196cbb475e612a4fb082b33efde71e7a03,1,1
473195f80f3940afc8a1461831d74f9a44bba538,1,1
20d5a39929232a715f29e6cb7e3f0d0c790f41eb,1,1
c56818d7dc976a7392be82e8e04fe26347d591f3,1,1
1a4a133a4ec09c843dc419086ca4d72a93bc664c,1,1
b4800b8b7dfba22117d8edd02164b00c83ae3753,1,1
26925042b6b105995ee54c6015e95f0caf9632d6,1,0
fd38451f1512fd5230e3c5dcc66d1ca867af879b,1,0
498b9d0fc442df99619afe6e3430ce8867c22966,1,1
beaea2de61c841ac3624ab9d6cd93f6bf2a76b66,1,1
6ee0faa52676ab648e486afb654fc92313d55943,1,0
e38da59269be8c0196d16dff1be5bb26076afc6a,1,1
57c93d7e20cebf9f9cf0855cb4bac8217715e28a,1,1
bbc686b34650b0f54affe9d9a637ccbe02b03760,1,0
aaffbd9f7734721bf42d246eb31fc79d7adb2cb9,1,0
b49ba04a3a0382e7314d990707c21094c410425a,1,1
cac038a855700fb36f4078c34487e86d60e03682,1,1
ab7ad35300f3810bca13993d1a6e100505c4af5b,1,1
8f12a3118f554d2a38cc2c0ea17443d8b041b17f,1,1
a7762b10c12a70c5dbf2253142764b728ac88c3a,1,0
c9bc1edd92328be06cb50b73733ff1abb4c6dc6d,1,1
43cb43678705e39b175b325f17938295996aefc7,1,1
c51f5d768c3f7eba600b9b78cbddb0447523fd20,1,1
56f5070b81fe6d7bd51e39805025248934d6324f,1,1
b19a47e0603ef89c4179e6e48f6dd1ccc7fa3a7c,1,1
2bb78efab42cf4ee7a7184f7d2da1b7cb331b479,1,1
d18481971eec261b6423198fb8e5a9b627569624,1,0
bafb0bd24d7e0e0124318625b239a55d58c757a2,1,1
21cb2a2ec5818cbba01bcb7f24388670322c77f9,1,0
4c6fff445d7aa753957856278d4d93bcad6e2c14,1,0
d43317dcd074818d4bd12ddd4184a29aff98907b,1,0
7b21d26ddad6912bf345e8e88a51a5ce98a036ad,1,0
eef19816ada3abd56d9f20c88794cc2fea83ebb2,1,0
4d59ad2995e4128c06d889f9e223099b1f19548e,1,0
93e8befc17f6d6ea92b0aee3741ceac8bca4590f,1,1
073b0895599132264481acc1fb4f2c7ff630f09a,1,1
f96f3b56078f1646f6c42036086a938c112fbb9f,1,1
d3d2948f4353300e483e03be3f400dc07cf504ce,1,0
6808c5fb7fc1574c7608a38c9819f1639d89c3d0,1,0
14c26d05bac9dab32ce9a7f0597882c4fd0031d3,1,1
60941b02dc1f2ad238f51b7e6d8bd8eb79718e47,1,1
2b441c9ad5f5533f117cd8d7a2250a3bc70a067b,1,1
bcf4dd43424cdfd8195f3955300a579fe58e9911,1,1
8c4d878458514c6a072402a94bbad6e7be5d93e5,1,0
dabde5c7320059af62ce0a706ad11c793bad1345,1,1
b30069291dc7f9b9a073c33d619818fe4a8e50de,1,0
a7c8aadad39428b64d26c3971d967f8314e2397d,1,1
4127e80a93e8a4ac009a03a8b0897e89042c7ea0,1,0
0a74a1df3c13655b66b1908d76f2159654216326,1,0
a36b8debe67f3a5515200dada75cf4dbc334c7f5,1,1
7f75b57fd6394c74fba57aebe12dd99ce6117ce9,1,0
0dd1706c14abced200f8e5f83d2f86dc44cd9508,1,1
51a7e02bb629498c32915881ed4fb61ef778282a,1,0
e101faa539b65b79f50c23e25a5a12c45ba1d577,1,0
b6e3da5f081bfae655939dcf4e657eb31dfe2444,1,1
8680e22f296e75e5497edb660c59c6b4dcfbbd32,1,1
e637d553199e264327714da437e6c808f2f4b096,1,1
789f384cc6da5087ebe6628fb8257ba025d6a94a,1,1
9454360dec1c96800576693955b92a2792b74def,1,0
46cfeb043b04f5878154bea36714709d46028495,1,1
f638dd3918a4caa910ce62176d2d185203867876,1,1
c3ea051544cb1d98a5ae7f64d077084a9a5db5c1,1,0
4a4f1a5808c8bb0b72a4f6e5904c53fb8c9cd966,1,0
dccd9ecc374462e5d6a5b8f8110415a86c2213d8,1,0
e38da59269be8c0196d16dff1be5bb26076afc6a,1,1
ede88671664128b811e7c709bead39f5b3f3abcf,1,0
d817f42e1cd87534ab25cc58891da9ef2b99e615,1,1
e1c46ff78afac43471b25c50b00747bc3da334bf,1,1
d3383aaae9800b9e13e25b71f70dff3814d10373,1,0
732036594778ea47db54c2e0210204e2ff5ccfbb,1,1
c729e1fe50602255b7d646c0888052bb71d9a435,1,0
da3e4599f061bc7e99da3c55a5cb92a9d0ba3e9d,1,0
5309809129ca3ab14f8bd5e5ef66c1b7686eb639,1,1
f44fd18198eb26b62ba86b17016e9441ce95fc71,1,0
0cb2df380b8845f94f1b3c492ad3cc79f5112630,1,1
7e0c19c9608483808e6b5c294e357fa456f058e1,1,1
123d5c0197d8333c3f5cb9572a0c8299dc611233,1,1
bd7292f9b4089207f8bd7e33e5a909e920754260,1,1
9a53bf54b8149bc1372f50a83b769f42772083ea,1,1
71bdcf8056f910dc57ea3d0def80a9329e7dc52d,1,1
2df6396160b019d992241e2db8a6d5a15f654e69,1,1
ce5481d01f67ad304908ec2113515440c0fa86eb,1,1
4edde74eedb8bc4c03adc3602b114b72a7ccd13f,1,0
2dea75d96ade3c7cd2bfe73f99c7b3291dc3d03a,1,1
c6fb88547b97ffaebeecc40c3947c1d11d208998,1,0
a2d1d216291fd8c1f4a8b3bad4f0b50c084ba96d,1,1
d08935c274b7e552e47633cf0cbd74b6e953d228,1,0
e803711bbd6fab43214d166d5064a7f19154b8b6,1,0
b8f1c116a357285ccb4905cd88c83f5076bafb52,1,1
69abaffec7d47a083739b79e3066cb3730eba72e,1,0
ac48e389d073bf2c8703745eef4824fabe0427ba,1,1
3b9be93fdab81e27d68814aa794807897055af0d,1,1
03b4776c408d2f4bf3a5d204e223724d154716d1,1,1
0756f56528ad1e61a97c583e15761094386ad28d,1,0
aa289b47231c95abe53a75223906fdfb79ae368e,1,1
5988a363edb9eb9f31486ceb2cd10e8b45f05dda,1,1
1c3fc152b8ebadd59814767e3189c961b73f20c8,1,1
8523ed6fb2ca04973fe759fda8ab4af72492fc7e,1,1
446230f52a5bef593554510302465eabab45a372,1,0
604c31039dae4653f33003d08c91ef58b70b5e63,1,0
8f64b32eb73fbfe9f38c4123121b63ee409278a7,1,1
62ad9b8d3fa05ca1d76e855182e8e481f764f8a2,1,0
d82aa4a8f2e8df9673ddb099262355da4c9b99b1,1,1
e96ecaf053d8d606e38ae2e56ba6cf58875021b0,1,1
ddf2fd52c864a001b554fde8dadb114b7c0a75f8,1,0
45633fb370fdd16608756d587245459bf8983a26,1,1
7f1225bd6e62c54edfa0a2464648ad9e4efb1313,1,1
f02e258ad5450b0d1a650a1ce2b7742d5336c2d9,1,1
c0664893050cc6b2d8b02d3e035f82fbfd0cd4cf,1,1
525782f33ff4be92bb27967c021fc244c92bdebc,1,1
b0ebeb9c09cb5b84bb2f33927c84c7648845fcec,1,1
837eeb7569bf2b3bd3b1b82e0e61edb19811036e,1,1
87121ca504fd1d963a66b3fb0c72054b0fd9a177,1,0
422b03cf75e11dfdfb29b0f19709bac585335f86,1,0
eaf8a2f947299ad4ee84969e19efadc2fd7f4a59,1,0
ab63ee61ca2c130907d68d656ff7486ec2d29db8,1,0
746c3cb5d55a702ba6285e97d2a13671f09285d8,1,0
6b6680c4ea3952af8ae76915cbca41245147741b,1,0
0601e0e9084e2caf7ad353689682fe8436ddd54c,1,1
ce36f6ad862fc3bc2466c89de17694e582a778b5,1,0
9f70968af3e6e21612e06e153aa71c62dee5a09b,1,1
171df6381962b463e5aa8ff936eb3f995a56ce9e,1,1
af1e2b2ab5d1c5ca5afe482ef8c8161c17acc190,1,0
55eda370cb6fe9e4c21539f3f90fd940fcf7a103,1,1
ab7ad35300f3810bca13993d1a6e100505c4af5b,1,1
be7052c2a8f667f1dc42b06afcebb964ee0b03ff,1,1
86ecbf1ee3c48d7a406e2f335749d917733f4718,1,0
5564be61134faf248f5c05739416a82365932332,1,1
e9c5d8a562f01b211926d70443378eb14b29a676,1,0
770b709654b5d10485480645acbe710e767db6bd,1,0
b9f033d1fa2a5f339654c48bcb22201d72a3de44,1,1
7e79e77678e5ca53342f31d5afd97833f5e32574,1,1
04b6e6ec1a9340ab77637cae9b51b984d9d706d8,1,1
fec13dd95833a1b958477320d32721f886a94f50,1,0
3072cef1f9c83a340c3735061340509df615d086,1,1
6db6340c42d027b6364d49fa99d69019aca24de4,1,1
31dc73e92a96f08d07650c0e7d31c0b9a1465d46,1,1
8e57dec0454d8a3ba987d18b3ab19922c766d4bc,1,1
18b6a227b35e5628130fe25afb1dda7240762747,1,0
0730d114194364d078dbd0cfce708e8c67dccdfb,1,0
6632210f50530ea53dd21f786f2854609d928689,1,0
0dec30b9788b12fdae5d5b69fc366a28bb688d80,1,1
bd5935032f295a1ae78aae26b671eec8f915a84d,1,1
6ce28a6adbbcfcc1956cdc224d841a1988686651,1,1
3b2b7d9db74adb95aa0bd029298a741333eb847e,1,0
224685c0d1ca5970364c9f5d4f21ea1aa64c381e,1,1
a4a350ab786b0272ac62f8de2da3ed4d93655d01,1,0
3114cdfe66c156345b0ae34e2990472f277e0c1b,1,1
00672d2ce5135ccc165f327ad70aa9f4f6cfc0ec,1,1
29fe1b481283a1bada994a69f65736db4ae6f35f,1,1
2741d43a1edd13c81a50ceb63f4edbf5fedb53ce,1,0
e637d553199e264327714da437e6c808f2f4b096,1,1
67b9509b2c68ae38cecb83a239881cb0ddf087dc,1,0
011f4ea09768fdf6f95e3781cba2ed681a2ac710,1,1
1b170b84b19c88056ea5316deb5042eb4d593893,1,0
1c3fc152b8ebadd59814767e3189c961b73f20c8,1,1
d7da1619b5f30dc84f0303ce025a8df04b8a42f8,1,0
5ace144fe0b7519c389d3ddcdcf7082b4e89b0df,1,1
55d7d15847e84d531f712f9fd6a7117283b208a3,1,0
294a7e55b01149154807a23323038784549b8946,1,0
57b078a09bf0ab3f0babcfe6ecb2ac226d9178be,1,1
24e2fb615fd6b624c320cec9ea9d91a75dad902e,1,0
2c3086fbb521ca47de049cea87fe3bdf36cb3e1b,1,1
b7d961b35b3ab69609aeea93f870269cb6e7ba4d,1,1
fd8b79511349efd1f0decea920f61b93acb34a75,1,1
8ca1b55a49f3b8e139fb4567b966f03a734e744f,1,0
b0a043f51b8cc3b420dc3ceaa38fe9aa344799aa,1,1
d7631250b20119ea763d9ba461c3a9c5710cfa98,1,1
03b5cedc93ee1ce9c3e91b33d9959c4769fc16ed,1,1
d76ebb67cc608f75af5e5d07c032036cbf43f675,1,1
f8d0e3f11593928ac3f968c378a44e80b04488c9,1,0
4938cf0c7a62025bbfbf3db7bcdcc2c33312bedb,1,0
2aeee04df8e0ea4d5b91da630687af1a1d93c941,1,1
25aaaf584fef6bfbbeec37b23bd3ace79604743c,1,0
052d41c01b3a2e3371d66de569717353af489d63,1,0
9388187fd7a8d4b4357a587c81958d70bd7e590a,1,0
8b285f03f70e884312c6c4e00a1377cfd85a3a7a,1,1
c300132333285a56c030153de11686edb4c4c112,1,0
4476e0e4c7e6a2c22288391b853b6e071622f079,1,0
c68b09dc7ab782eeec9a9c59d66d8be31aed67f1,1,0
775d9e06152f4b46e568389ab7cdcee45ebe2a5c,1,0
3d880b7c7497e37f2ae509deb241d3ca713c3396,1,1
e1cabae0f4e3a0dd663ba4a1a63b7f797eaeda25,1,0
f172b56309fbc4835b3f258df6865309dc02e80c,1,0
98398c32f6687ee1e1f3ae084effb4b75adb0747,1,1
93947fb447d6bdf4d0e81b1cfea95b043d5d3eaa,1,1
ec21de744897383a7c2984866ee960a493515d58,1,1
d54fc3bbc25641c7a0921902101a30a1d3e8ac98,1,1
c9ba342ba601bdb2d1392cf803d53abdafa95ec5,1,0
4ac1cca315cd00718abe94d16c5450002d69ebe4,1,0
247a8ce8229b16d4ffa9f5125fb6583aa749679d,1,1
b9f1fbcd0e9b7ab96876a9e53cbea4d2e279e82c,1,0
326d889658b339d89f4f31613b5e0ebe487f2fc4,1,1
4a6f0941c13ac6a197bb787e238ddbc12120b641,1,0
602b1c69e162a99c35bda1fd23daf4f6351e96d2,1,1
8e1a0476f8563cadfa32e9b4fff39c4224553b1e,1,1
e2efba763b472835fdface597fe2216b3403967e,1,0
7e2a99d0916f3d5fd398a39028e49f2a0df68f3a,1,1
49cdc4c74918a5576cb93b679629714d8a9ef399,1,1
511e6f17f493719058229630c7db4d8d7c05aeac,1,1
787e9929652e5f1e7e7cf9f7df4e8613a1d84ea9,1,0
820d18a6053fe01353e635d46b86a41f1344e8c0,1,0
a7428cd2ef77734465e36bceb43290e37e2a97c6,1,0
576a488a27f267af203f3ea69c700a1612335e9f,1,1
46adcc27a218d381fa23ea247f1dd4bc6a60e885,1,0
96cf3dedc491d2f1f66cc26217f2b06b0c7b6797,1,0
a9ef4343afbe67a6abf83c0f0294e80db48e513a,1,1
bc41bb11654f7fbb8cae2d316a7c2ac5ebf759d2,1,0
f3bed214d69d1d2d690086c82d1cccc01c68b084,1,0
b96b894c518bc7399e6b86b635b5e8cd7356a8e9,1,0
fb70819048eee417a4c666199ede35db820d51f5,1,0
fd6c2df7f4ec6b252b3278ae16de8d9d8f44cd8f,1,1
650f7a72b8cc235ffe4a0e3eff37954349026721,1,0
e2721595e4c3d8b63dcd85bc99ad1ea4821a8d88,1,0
d66bab0a69ac1860e78dd951ad8db1a507e75642,1,1
27fc3ee64d82bc44d9530600c6a21930c37b69c0,1,1
b5c103f20f0fdd736c51c996b07a42594d683b1c,1,1
851d7b6b8a954b28f85e62a53cbba472907e21e4,1,1
b562ec8f74e4edb532a53d26f0002d6fb4a6c79b,1,1
0a98455666ec87378148a1dde97f1ce5baf75a64,1,1
728be68bfe552f32cffc02e452544585dc2aed8e,1,0
708857ad4519a40b00d88635ace1ff7fc302f7a2,1,0
7895086afde2a05fa24a0e410d8e6b75ca7c8fdd,1,1
123d5c0197d8333c3f5cb9572a0c8299dc611233,1,1
2848e2ffca9bf7bcac15368f39d81ac54398f718,1,1
a7705851aa9ec3725776c58ba2b51dd68b84a24c,1,1
3f7e1935faaa8e64702fef634fb669e1f946b82f,1,1
0e32d4b31f35d36dc78bb26fefac221605ca3e60,1,1
cf3e5c409b5d66ec66207092a3f7e3e2c42c0f3f,1,0
49ca2eff5758eb73cc906dbea74ce54b7c99e4d1,1,1
c365b534623279049bc4cc0c5d03fdbcd2d466b0,1,0
87c8cffeea07cb0d9a278df6f7e98e4cb22d2f20,1,1
8c58165108e26d18849a0138c719e680f281197a,1,0
a7f93084d0ed2c932cf4e7e30baa433719bbe722,1,0
22b1f5b22b10cbc7272931d2ecfb874045cec13a,1,0
d5df30d456696acd1b49487f00b5fb474f05f514,1,1
6308cd4868d2bd5fdf8bfa8dd10856c9a91874f5,1,0
413a2e3f92214c40322c892f1ebd95e3adede61b,1,1
97103d40e36134436f96cc5efd06bbf2eccf734b,1,0
b6f3b7803a9231eddc36d0a2a6d2d8105ef89344,1,1
6e841e32b159e298debbb2cb0e9158e894fcaf05,1,1
1c02a9732aa2e5ec0eaf83e65044704af05e8400,1,0
212a448a384806412caa0a7ed9905d57782accaf,1,0
2e3d7383ed36f528d9e7c970d534d919623effd6,1,1
ae7dbca7835ecb1c7fa4e22c1d4f62a5265bb338,1,1
809eb35045097bc7da56fa8bba1f6b4cd1b721ba,1,0
f11a869d4e38397ac81f2a3d22e8d2aeb3992b0f,1,0
f011c2dae6cffc50ef67d9bd937b488ba5db8913,1,1
052897ca5019d9157ae09e5e84eee2a9ef5dccc6,1,0
e9fbc9dc9214d6a9de7d62627be5414804fd7b9f,1,1
425940f0c3bcfe8107c5e38da74a111d1e243873,1,1
6fd1eacec1b8cd081b9ae067f852cece3e886521,1,0
a9ae2bffea62ce5158be7475fe41e5fba6d026c1,1,0
1167ec3f476e1886606ca76bd153708aead0d397,1,0
482049f75750d73358e65236b933417b69f9cc25,1,1
02d719562ef40483648b2cc46899d4a2ff5953bb,1,0
ce9ba3ba1057725fe5f485de01294182841c2132,1,1
21c425b79c0bb0c22173d5571f65e7f0f8836241,1,0
dcb9cfaa5ea9aa0ec08aeb92582ccfe3e4c719a9,1,0
db1322b8012e1a8ad711c04813817328cff46718,1,1
0f4bbb233743bdfd51d47688b0bc2561f310488b,1,1
6a8b4d319c52f8a3fdca46b185d001fbf0939911,1,1
cb68f28854fc38b3b19cd109b432595007054882,1,1
a86e2cbe263c193a70b2e5c5a0c7e53ed39fc0ad,1,0
a3768e0c9b8b80fadcab06afed77a9d27ed1b6dd,1,1
7316a9f2a94c14e66e9421a777dffc509a2fe0e3,1,1
65f0f9183b99881af58e90e3ae2ad8b0181d52f1,1,0
1617406a763870a84ffe6bba3659f30f96ac4a61,1,1
a223535425eb28082a0925b0ce2f02f962936cf4,1,0
9501843496aaf85fe1767b534c4720622c4425c4,1,0
8d8f5aa3277f44b2934540d90303385e50ec2858,1,0
27dbc47c05e07486feba1ab829db584da2159648,1,1
1adcb71092f6461c4002ccf29d316f6da3e1f39b,1,1
f31158c9f86bf5619ab2e1c54f82f04ad2f47435,1,1
89c9b66b104549a8698e412bf6f4140c1d0786fb,1,0
32613f510c1a86317d9267b8f4f2e0445936713a,1,1
25a64ec0e1fb68f4c1f4c4c642b00dfa6105f8ec,1,0
295e65ca02e7cdf2d809b36a84b264c7935bfdfc,1,0
b8d5d5ff0305f07061f672c91f63479433451af5,1,1
06cf4d989058a65f72b140d85e2c21effd3b3834,1,0
68e6b5eea28a83cdfd8f136e658febb9a85bc8ca,1,1
38ec295b0a6ba51d5fa7583c1f43d5fa6e487dd8,1,0
8548973ace90a78035893c3663c18b485425e291,1,0
70418e6efcf4f8652cc08e3f2ab8ae35f0948fd9,1,0
01cd0a309ea85eaf6509e5266a825f6ffb834964,1,1
6b72695ef6eb744bf8bff77ed228d63f7468e1d0,1,0
f3cc01f0948c1deb12cfb1da2959f391229c9d4b,1,1
7ea7e98fd8d02351c43ef4ab35d70f3aaa26c31d,1,0
19b3f31609dc8be3a56c78dcb7da723f10f7009c,1,1
07de39ff1760057a7c1d4f67f97a46b2e24d90c6,1,0
60478295d6876619f8f47f6d1a5c25eaade69ee3,1,0
d8e451b9466b1e2f829da851224ba4d51fa63d2f,1,1
80dd00a23784b384ccea049bfb3f259d3f973b9d,1,1
db7933f392ac4d9719d41d3f203a5f6a1c40f300,1,0
8f4c5c9fb87aa113f33ddeb4028fb0de8e18311d,1,1
3adef373bfaac9f3a160c8a2047c0e0050eb8487,1,0
519ee6918b91abdc4bc9720deae17599a109eb40,1,0
8516a500029890a72622d245f8ed32c4e30969b7,1,0
d3533d72e7478a61a3e1936956fc825289a2acf4,1,1
d6e8fe77afdb79853dd62581be2e785f0014bdf9,1,0
65f4826ba9a619bba01bb50dfd34f625f1dcb20f,1,0
17b9270d5e62ab8d8ed2b18f7d9b4eaa36c17324,1,1
c102f07ca0b04f2cb49cfc161c83f6239d17f491,1,0
cf1acec008f8d7761aa3fd7c4bca7e17b2d2512d,1,0
cc0909248258f679c4bb4cd315565d40abaf6bc6,1,1
c10edee2e1716f8cf217cf52ed01ae4742fcdf3c,1,0
1b54a880b250acc226b13cea221b90aa1b3e37dd,1,0
9d5800f84567bce37fc922ed6d33704e85fecdd7,1,1
ff814df03a8126d9e8c719c135dfee5368a472b8,1,0
1f4205a04e619ee9a2a2dbbbe56caad30469b54a,1,1
0d87a4aa376983a205b3920dc7a9b15d74110be9,1,0
4d054f2f1445aceedab3f9642692d55d2caa7ec6,1,0
b1eaef3da5a7bbc48fa9dbefaa2a28e45367fdb1,1,0
66bee35f29683fc4a9a530a1c56a0ec45e3f7d72,1,1
6927d92091df2848fc0e6a693a017d4b2df549c2,1,1
c36204c44d0c73d8afeff3fe3a1bdf3f5fd7d8bd,1,1
f31158c9f86bf5619ab2e1c54f82f04ad2f47435,1,1
cd5be3f9de8945f782e1bbeffd080876eb2aa9f8,1,1
8487b2044b0fb253ae62b5c935856fbc78d60697,1,0
38392ce56a7356bd2bc97e1368045321ea963496,1,0
3ff24012dd28d2b86cea691599a85723d6c19e87,1,0
45e526e80e6fdc796d3bc05716d5c930a427df4d,1,0
d63733aed90b432e5cc489ddfa28e342f91b4652,1,1
4ba1c5bfd2e5a6c9528eb7777b66c297e70f61ca,1,0
ccd1593834a47973bddeea94037fe8d3fd862cdd,1,1
f849ff4ba50fcf4c64d729ebacc58ebe89d38115,1,1
9da3b39525982ad98f7e8f5e8183b9c613927e61,1,1
98f62b7a082e1e9eb762c7329a704316f6e07698,1,0
e57914c1d803d94d259a45182f7b1eef92b4ee65,1,0
37457be1592449cd4263143083731795e2f08a5d,1,1
6e340f9a5b185b58b80063655cd4cffd463b707c,1,0
3d4492f81dd7b486f1be0616a1ce7f73760f406e,1,1
74756ac163b587c7f4266bbfa69a6fc6b7d93e6b,1,0
6848ad6461e551849ba3c32d945d4f45e96453a6,1,0
039fa8998c085569b6859f1be36ec215e5acdf24,1,1
1f3f53ae5179ba7f24b4a429bc41773f1f4857ca,1,1
39fbe46845c7677623d506108935323a7a1261d7,1,0
aaf4e703f6d9583e1a910191f39e738cf5595e24,1,1
909c655a9fa38102cfc9864757a33173388146ba,1,1
5a07cdf86c1485b570789fb660c8ada7c2635b23,1,0
189c9b8d925691cc58823ffdc3bf75dc8630ccdf,1,0
e9982024619c7f8f8cce97b0038a0075b135089c,1,1
e7fd02c4e2eeb423b1541f9d5989a4548d2e6f64,1,1
8ca8b43d7108b9d7e6887fd553d13a71afa670c6,1,0
c3c970f2a8e538cea762d8ab2617010f1154001c,1,1
2c64a8d0caf84254e38f2e76528f2034d37da520,1,1
75f9cafc2d24a1cf44d7c3f3e5b4f7a393afcf71,1,0
9eb45fc51a55fb8b058a28b5ee1e297991fedca5,1,1
fd2ffd31a29c6d63d3de7a09c84a9184f853317b,1,0
4da7e9617fd28bee0b8c7509a00759ca9da6fb32,1,0
fb1bb97d875e0a97e01a1228bf76d8792856bfb4,1,0
ac22172a6ec37a158ca4cecf8c18f8fb29c1aa97,1,0
b8efdafb4005a79ab2305f8af31025d49292d4cf,1,0
812f29ffb8a88b3803b0979be2753f0db24bbed8,1,1
0730d114194364d078dbd0cfce708e8c67dccdfb,1,0
76222d6dd2e64c895735ab271ecc8b0df568981d,1,1
7efe1611b2db9025ffc52a686897ab91820caeb4,1,1
00be545e49d83485d49a598d3b7e090088934be8,1,1
7d13d6cd3b070de29f1ec15136b3a59b65a11952,1,1
c1570e2a1fd7ff6bc8d7b0c6104bed77283f89a7,1,0
ba8af3e592f7175b5f9a92d2cfcc00b82097d1be,1,1
4fc0870d7e462fe3b86e0f938ae75ce884728c7d,1,0
92959fa46d305ded1da433ad6d9a8d38db240c74,1,1
1e163262bbbae9dc722198c0bb569bbca0fb5ba4,1,0
ede88671664128b811e7c709bead39f5b3f3abcf,1,0
3e414f184079a2b28975752f95f4a638e5a6e7ef,1,1
90205c6cbb8fd9880bf798903a99f5b8903455e2,1,1
aa979a6acbb468b0ebe8cf36dc782a5b3cc1e28d,1,0
d0a530441ea9f2f10172c7f31a007f6b23d3fc19,1,1
350d5bd84ecda038bb482ab5f2596bdca68109d9,1,0
828bb5f1f6cd51f8fb7c9516c25176789ae1a500,1,0
8c9ce4dbb4aed03d7ed88df8da9c0aff29d83ee6,1,1
ae0b693c12cc78913085733d28e0e0e6020db6f4,1,0
28230ca61ae5694bdb186b0f0b3add6d5542bfb0,1,1
096fc160b706237b6643a15a8e13690de238af0f,1,1
5380b383ba10915e61e3db09341cf8193f0601ad,1,0
786a17cd282cf81c76c45a8e62f2a1003235a673,1,0
960b4e81f316528fc554ec1bff7daf46faa7129f,1,1
71879d3cb3dd8f2dfdefb252775c1b3ea04a3dd4,1,1
2a7f1425d98919b362fbe979a6428fa9aeebcd78,1,0
499ab5ccbd42839f40d5572e7a4799c412986a11,1,1
11ba964d4f936609a04e8b9f2051f6027ef761ae,1,1
00ee7a37fdc3ed9bc6315f8af0270f2df55437d7,1,1
cb372931ff3e55e47965db7b02c01df1e1b6a043,1,0
0c5f74a25f226b2ea61a0ad7906a7c6605fc3533,1,0
fb099c8d2af6620db2709e826a258089d10cdfe8,1,0
bcd7235cead59ae4b98324c668c90b291beefcb1,1,1
dd6c1a0a8f14aed30816aae6a354f2056bfbf15f,1,1
6a938a8cef9abad2ae13e6a48329f5119930b0d6,1,1
065896e904eac598bafd5e607b944da34c4aaf09,1,1
14e1d0fa97f821b42e8683500cf4ec817bb5d940,1,1
98a1edfa08dea2a7509415ecd8b2e4d283573c25,1,0
c8145c56103099565be2e18aeac2a32f79361f3f,1,0
d659d94013390238961fac741572306c95496bf5,1,0
86ea3067e9ca37075896ced615ce53992a9a51c9,1,1
9b88748b362c3b449bfac05ae1353b73b40a785f,1,0
22aed77687f86b6b9efb9b0fdf4b26130a858c6d,1,1
888f65b07da0715694f0fcf3e2afa6ee16076296,1,0
c0664893050cc6b2d8b02d3e035f82fbfd0cd4cf,1,1
4376c94618c26225e69e17b7c91169c45a90b292,1,0
b183d4d1e33dd99303d23faca695c94ae4a651fb,1,1
207fcef3131d7b4f6a5dcb4889e78870da21c6a1,1,0
640f93cc6ea7327588be3cc0849d1342aac0393a,1,0
0951ebb8aa219115cec6a53c033ee34715a248db,1,0
9a8a2fd294ffa68bfed3d503090366faf0f45964,1,0
0ee418f19d37dd01c220e743d4e6adf7b4662f52,1,0
f3f30789a525ba75c6b049fa63787b91934fd678,1,0
161737a619961b1a5bfe9f32704245b686d30792,1,1
c10469c637602c2385e2993d8c730cc44fd47d23,1,0
64976a0387835a7ac61bbe2a99b27ccae34eac5d,1,0
ff857919aed4b668adcd2b91bdebece718fbf7d6,1,1
dac8f847c48adeeece5aba57600d08d2499d39b2,1,0
4043b886b0740ded65f633fc4b7225d624c7e658,1,0
fa834e919788dfa0965495f21760eb38fe480342,1,0
dc8e1b75e721ee10a8ba34311ee622e7a6aa74c6,1,1
4a4f1a5808c8bb0b72a4f6e5904c53fb8c9cd966,1,0
a44cb89b0f53d55dd1814138ba6526ecaf985f12,1,1
fcfe1a5cde0ad12a52f580037da201de667c5ced,1,0
ed1817036bd6d83829039543c9fe4aa94acc7c39,1,1
2fbe4abe944868aafdde233557ac85379b60ce46,1,0
fb0a64126b8c11a6961dfa1323c3602b591af7df,1,1
90e8317b3b33dcb54ae01e419d85cbbfbd874963,1,1
e64c2d0b5fbd8ab75d8f73f5820696ee15c8c6f0,1,1
668231141f307ffd81db075b34bddaedae0ec863,1,0
f9fd102d73b4bb80e336009ac81545d3f9620a09,1,1
b28b0e4687a5cdc60d31871abc3ff3583ba78a2c,1,1
994c755a197df16aa8fd2a5f2de48500142494a0,1,1
a91ccd26e75235d86248d018fe3779732bcafd8d,1,0
c81fac5cb8c92b8b4795ac250a46c7514d1fce06,1,0
d0236f8f8223ad841f461ea3a635d452d194806b,1,0
5a3dc32372439eb9a0d6027c54cbfff64803fce5,1,0
f25bfe9d2ba3576e994a36b3ab794c3818aadcce,1,0
604a9b43dd68a087ca5a4ac2cae19eb17591ba5f,1,1
433e835d3ee8c96426694a1029a1f3a8ae9aacec,1,0
35a8ed2f6283d0dd09009e1f1ab18d66bdff5e42,1,1
1fb24aba4b29b7cd1b6880d8f0b08196a12efc2c,1,0
a56fdf914c61c491a40b2e5e6942946cbf29782e,1,1
9a19bad70cf16b0cdf3576efda7deb490e7aa529,1,0
79d4ace11e2813987d611aeae91b4f1237d98928,1,0
9c6221ae621a3467b7466e98975e63b2382c1b58,1,1
d0ebd78890fba2ab458ec34763dae8566ccb1b72,1,1
afa2db2fb6f15f860069de94a1257db57589fe95,1,0
cbc86b9161b40f95caee0e56381b68956fc28cc4,1,1
7a6b75e8ac2e77b74910aab07cfee03b4644f57e,1,1
3941982aae125d5749efa2df43c43c17e17ad2ec,1,0
32ae1efd9d40645601cd4e09fa83a2711dd1ad6d,1,0
2b4e49d4281690db67073ba644ad2ffc17767cdf,1,1
7aa0baeaba4afc4fbed7aad2812a1116e6b0adcd,1,0
c531692073847fe64635f6992d774fb319e3529a,1,1
d1cd9d798710b2c507ab1d95b3614183080c105b,1,1
5a0d01ee8385dc5d73e921a9fe3d561430867aa2,1,1
e17be9fd4d51302c41b17e22f9ec96751f47951b,1,0
5794e1b14bcd9817c5fa27d3254996f0d9551296,1,1
34ff2e7aee644894bcac1d264c5200027ab41ee4,1,0
6ee0faa52676ab648e486afb654fc92313d55943,1,0
4d81db4156caef7b223dde07e50db0144d12a192,1,0
3a57e4f5b48a2685bd1f6ed358cdf084dc8c9d1d,1,1
9a6aa279d3d17af73a029fa40654e92f4e75e8bb,1,0
84667d4849b0e0a939a76f9f62d45fa3b4d59692,1,1
99212e8b8773d7ec015102979298328fa30bb8a5,1,0
bbd23aa0bbfebcced16654b3920d73173f0c622c,1,0
1302ccc1a771d6e713a28fbbf70fc6cd6ae93b07,1,0
7051c0f2a50cb2bafee23182c3cbc9a86d361a13,1,0
3a68c43dbf59f474a5ec988029953310248ef08f,1,0
1f5b6c7e1ee604b1525b3ab84ea6e8817fe66f36,1,0
0a2b1d27cac02f57e17b310f8baeb1dda082c83a,1,0
12c83d99436b6a4dcd2d2afe7b086509a1391cc5,1,1
7e80927317d63197b403873d4d364055e58da354,1,1
3e478c06e83efc365e8351bff7b4c569f22e642d,1,0
393a6b7a90baf8f458c092df83b2acf4b91db0de,1,1
759a612992035559811fa7a6b09818874c7c6ffc,1,0
4240be45632db7831129f124bcf53c1223825b0f,1,1
de2080d41b5d584205e408d72021f0f335a046fc,1,1
02ac2460ff126afadf8d364c82ebb13e116df33b,1,1
768936fa33ce1f28733f88bcbf4be83e58cc26b3,1,1
943a5941f5ab479803fb30e19e9fa607f0f0fe14,1,1
74eeb141d3bdf5a9a65c84dd637c41f12c40f41c,1,1
1e54134ccad00f76ddf00f3e77db3dc8fdefbb47,1,0
9132cd6d8953a0f461b4e24d3f1392c4bd629634,1,1
ee5a8dd17d300d33223c0ec2d6eba663ff98a03a,1,1
d371c3c2e2830d9783465ecfe1ab7d93351083b7,1,1
66be4fe8c4435af5bbc82998501a142a831f1181,1,0
a15181e5df5ba8a21e6a5b953213f4a72690c47f,1,0
66e2809dd324f0ab5e1f9d997b40d4d31a2e42b1,1,1
da1774e5f1974294dcfc2c08363bb103e769d302,1,1
ff7f75e18574ba0ac3e841a1ff3a962e41552df2,1,0
569e44b5a2fe5353c582d832d5a9b87351ad537b,1,1
65ea7d4ad3844057e537c76a7486b4d871f7a8b2,1,0
f8565f3329d62dab724b43db3f6ed60b608333fa,1,1
e6637d5427d2af9f3f33b95447bfc5347e5ccd85,1,1
9077a944bc3c8bea45a91dc2caa65e96ac4c5f87,1,1
087d7e56deffb611a098e7e257388a41edbeef1f,1,0
2d8b22de6e5241a6f27f7f290f027223156a7d3f,1,0
7137c6bd455234bcb7560fd829e6ee49cae5fed6,1,1
8de433cb0820dc1f387a2d580d255744aacd60cc,1,0
c3a5223beb65dc3e1ea45175d35e1ef29406612e,1,0
74c5b33b0aaed6aae67e858926f5b1558e05b148,1,0
c1099c3294c2344110085a38c50e478a5992b368,1,0
622e0ca1cd4d459f5af4f2c65f4dc0dd823cb4c3,1,1
1931f4573b9aef4710c11d39ed5c9c5d3355f6b9,1,1
c8145c56103099565be2e18aeac2a32f79361f3f,1,0
809eb35045097bc7da56fa8bba1f6b4cd1b721ba,1,0
d23a4b3fd6ef70b80411b39b8c8bc548a219ce70,1,1
486e6661367b40f927aadbed73237693396cbf94,1,1
8cad4b116bcd7845b1f184cd415865c5d892896e,1,1
46b348865011bf0d706fe1ec8c9cef08cf86ad40,1,1
d7278434e7301543814d2344baa3300543aff965,1,0
0981a080e19f7734a605d8b32dac48613b8f53ed,1,0
dde5740fdd6175fc95aecf4ccc7856fbbad9b44e,1,1
80d04f22b0869a1145b36a90a83a79603ac92be8,1,1
49a6b485a0173b855e31ce8dc7800ac1672b6981,1,0
bf740a1ed98e7059bb59adfeda2793da3d2cf06d,1,0
313a72ff983cc2e00ac4dcb791d40ebf2f9d5718,1,0
2116392b158b2c38b5e9a7626b9ee5e12bbcfd29,1,1
23b29ed80bd7184398317a111dc488605cb66c7f,1,1
e7507ed91e093b9e4e218e41ebfdce05458258fc,1,1
6654296c309a60ce803b7e1c70edfd3ea09ee8c0,1,1
ebe368d5d82c368fec81ec4ddf216200e5008999,1,0
7fb7d76f96bfcbea25007d190ba828b18e13d29d,1,0
57b9655d01ef057a523e810d29c37ac09b80eead,1,1
fd01ad98945073faeb25391489caef4844f265c4,1,1
d5a3cf9f0a3dad7b590779adc6cbff41e4893444,1,0
c47205914cf5a8cf564ca560aa6eaa2287867e58,1,1
cb1c36371ab73312f485d7ecd6a9d465a1e27fef,1,0
8e57dec0454d8a3ba987d18b3ab19922c766d4bc,1,1
ac0107edba253a6e58e923f9e68825decef3e681,1,1
afaebb6d62ab55626222dd75552af3af5ef32e48,1,0
998765e5588b197737d457e16f72832d8036190f,1,1
cb06d102327eadcd1bdc480bfd9f8876251d1007,1,0
66fcb1059deeae072c1bf1536a8e2613028bce3e,1,0
0c47df4dc0ed430bfc63a001d9bccd2ab841eb4c,1,1
4476e0e4c7e6a2c22288391b853b6e071622f079,1,0
6970714ae1d938d39cb67073bc435fb1a42dd7ac,1,1
f6173fed608b81e70f40664f356d127618851427,1,1
6205406cf6f282d622f31de25036e6d1ab3a2ff5,1,1
50a3f9a4bd7498d3cb2b12bac0ca6f562cbb8a73,1,1
aa979a6acbb468b0ebe8cf36dc782a5b3cc1e28d,1,0
ffa7309bb230d77495f28364d9bc855fdd0b0625,1,0
1e59b29e520d2beab73e8c78aacd5f1c0d76196d,1,1
0f2ff82e11c86c05d051cae32b58226392d33bbf,1,0
46003b4ab564b2abcd8470035fc324fe36aa8c75,1,0
bdbfeebef03245176ae0dc323392bb0522a339b1,1,0
30eec879c8b446b0ea9a3bb0da1a441cc8482bc4,1,1
5982632109cad48bc6dab867298fdea4dea57c51,1,1
e34bcbb759ca5bef85809967a268fdf214c1ad2c,1,0
cb243972b121b1ae6b60a78ff55a0506c69f3879,1,1
1c0edc3633b56000e18d82fc241e3995ca18a69e,1,1
39582c04cc5e34054b2936b423072fb9df2ff6ef,1,1
43761473c254b45883a64441dd0bc85a42f3645c,1,0
ec0223ec48a90cb605244b45f7c62de856403729,1,1
441026fcb13ac23aa10edc312bdacb6445a0ad06,1,0
6d55ba265637d6adf0ba7e9c9ef11187d1ec2f5b,1,1
a766cb44bcffcdb0b88e776d01c5ee1323d44f85,1,1
5e5c796617e1712905dc5462b94bd5e6c08d15ea,1,0
30a46a4647fd1df9cf52e43bf467f0d9265096ca,1,0
6a043145ca6e9c55184013841a67b2fef87e44c0,1,0
15bb719c03cc70f14c36a843dcb16ed69b405707,1,0
ee735086f8670be1591fa9593e80dd60163a7a2f,1,0
257578a23d1537a2d235aaa2b1488ee4f818e360,1,0
5233252fce714053f0151680933571a2da9cbfb4,1,1
1a6a6e462dc2ac6111f9e02c6852ddec4849b887,1,0
67de956ff5dc1d4f321e16cfbd63f5be3b691b43,1,0
c24bcb553650b91e9eff15ef6e54ca73de2453b7,1,1
05ab8f2647e4221cbdb3856dd7d32bd5407316b3,1,0
1334647862b0c90b2e8cb2f668e66627d9517b17,1,1
f3a24d7916b9173c69a3e0ee790102993833d6c5,1,1
9e2dcf72023d1447f09c47d77c99b0c49659e5ce,1,1
097eed103862f9c6a97f2e415e21d1134017b135,1,1
f0ec1aaf54caddd21c259aea8b2ecfbde4ee4fb9,1,0
411a4068f8c464e883358bf403a3e25158863823,1,1
a64c3b37af9a6c8f8009d7516874b8d266b42bae,1,1
55f0fc7a02de8f12757f4937143d8d5091b2e40b,1,0
32120d5b8b3203fc21ccb9eafb0eaf824bb59354,1,0
340d394a789518018f834ff70f7534fc463d3226,1,1
5f8e44741f9f216e33736ea4ec65ca9ac03036e6,1,0
5d66894d2313e3f3469f19066e149e08ff076698,1,1
e0c9c0afd2fc958ffa34b697972721d81df8a56f,1,0
e264f04ae825a5d97758130cf8eec99862517e7e,1,1
71aaeaf020340412b8d012fe23a556c0420eda5f,1,0
cc45995294b92d95319b4782750a3580cabdbc0c,1,1
189ff4219644532bdfa7bab28dfedaee4d6d4021,1,0
c8c6a0f123d5e35c173125365c97e2c0fc7eca42,1,0
0d9a4d98bfdf4acd2c0138d4aaeb4e2e0934bd84,1,1
895529fc2f2eb8bc633edd6b04b5b237eb4db564,1,0
1f91e076a585118495b976a413c1df40f6fd3d41,1,1
c4baad50297d84bde1a7ad45e50c73adae4a2192,1,0
338c7dbadd2671189cec7faf64c84d01071b3f96,1,0
1421e0c584ae9120ca1b88098f13d6d2e90b83a3,1,0
b4d16b4495b732888e12baf5b8a7e9bf2665e22b,1,0
a70934eea95c76a7737b83773bffe8738935082d,1,0
ca4ef4574f1ee5252e2cd365f8f5d5bafd048f32,1,0
9de4ee40547fd315d4a0ed1dd15a2fa3559ad707,1,1
ba3021b2c79b2fa9114f92790a99deb27a65b728,1,0
e0a70217107e6f9844628120412cb27bb4cea194,1,0
03a8c630f015f63268639d3ed3bf82cff6fa77d8,1,0
04d4fbca1017c11381e7d82acea21dd741e748bc,1,1
aecd0ada163a4d6c769cec178955d5f3e9316f2f,1,0
52cf331743ebd74194d6343a6c2ec52bb917c982,1,0
9b54d816e00425c3a517514e0d677bb3cec49258,1,1
04a567494786d5bb50894fc8bb8fea0cf496bea8,1,1
1cda0d7c2ffb62d8331c64e703131d9cabdc03ea,1,0
b6280b47a7a42970d098a3059f4ebe7e55e90d8d,1,0
523f230c831d7b33353203fa34aee4e92ac12bba,1,0
bba5389dc598a92bdf2b297c3ea34620b6679b5b,1,0
9b57da0630c9fd36ed7a20fc0f98dc82cc0777fa,1,0
bac5831b355f916e0696b7bbcccfc51c057b729a,1,1
fd7e0c02e272913a0a8b6d492c7260dfca0b1408,1,1
042eb437973a202d00589b13d628181c6de5cf5b,1,1
a2f18db0c68fec96631c10cad9384c196e9008ac,1,0
2080bc33717955a0e4268e738acf8c1eeddbf8cb,1,0
6b7339f4c31ad69c8e9c0b2859276e22cf72176d,1,1
e477f09d0b3619f3d29173b2cd593e17e2d1978e,1,0
9f557cd8073104b39528794d44e129331ded649f,1,0
9844d38bed10e9ff17174434b3421b227ae710f3,1,0
c77a4b9cffb6215a15196ec499490d116dfad181,1,1
bd998c2e0df0469707503023d50d46cf0b10c787,1,1
3ed82f4ed0095768529afc22b923c8f7171fff70,1,1
fdd7b4c3302c93f6833e338903ea77245eb510b4,1,0
a7e032a277452366771951e29fd0bf2bd5c029f0,1,0
b8f17d08b7418204bf8a05a5c24e87b2fc395b75,1,0
4f65a3e4eedaffa1efcf9ee1eb08f0b504fbc31a,1,1
95a69adab9acfc3981c504737a2b6578e4d846ef,1,1
005145378c9ad7575a01b6ce1ba118fb427f583a,1,0
ec8013beddd717d1740cfefb1a9b900deef85462,1,0
83eaddab4378db256d00d295bda6ca997cd13a52,1,1
b534e304568585707c4a92422aeca25cf908ff02,1,1
88b2dac837e81cf56dce05e6e7b5989332c0092d,1,1
ab2b9a93ff19cedde7befbf2fcc48c6e352b6cbe,1,0
4dc1a2d7931017d3625f2d7cff70a17ce58b53b4,1,1
42073d54c53a496be40ae84152bbfe2c923ac7bc,1,1
1fd819ecb90cc9b822cd84d3056ddba315d3340f,1,0
821a5938d100458f4d09d634041b05c860554ce0,1,1
bef1e4f637d8f665bc133a9c6d30df08d983bc3a,1,1
8d2539fa0faf3f63e1d1e7635347c5b9e777d47b,1,1
b588a2249c7abbfc52173e32ee11d6facef82f89,1,1
11b426ee05eb62ed103218526f1fa616851c43ce,1,1
5a67b983dc97caeb5df1139aabd0bc4f260a47d8,1,1
2c1f6951a8a82e6de0d82b1158b5e493fc6c54ab,1,0
272b62c1f0f6f742046e45b50b6fec98860208a0,1,0
4e98402f09a0ef0bb8559a33a4c1988c54938eaf,1,1
2fb346f25f79e412cf0ed314fdf791763c19b70b,1,0
252afb1cff9676f3ae1f341a28448bf2c8b6e308,1,1
d515b4b4a300479cdf1a6e0d1bb95bc1f9fee514,1,1
1666984c8625b3db19a9abc298931d35ab7bc64b,1,0
9409e22acdfc9153f88d9b1ed2bd2a5b34d2d3ca,1,0
c67d275803dc6ea22c558d06b1f7ba9f94cd8de3,1,0
988f8365f7d8ad8073b6786e433d34c553ecf568,1,1
070ef6f138956d9ea9612e69586152339dbefe51,1,0
83c64fce3a5226b080e535f5131a8a318f30e79b,1,1
53281b6d34d44308372d16acb7fb5327609f68b6,1,1
75422280fbcdfbe9dc56bde5525b4d8b280f1bc5,1,0
ca336198e8bebccc18502de27672fdbd6eb34856,1,1
8176cced706b5e5d15887584150764894e94e02f,1,1
d11662f4f798b50d8c8743f433842c3e40fe3378,1,1
f6b97b29513950bfbf621a83d85b6f86b39ec8db,1,0
6fb392b1a63ae36c31f62bc3fc8630b49d602b62,1,0
3b36ec4e713dea9266db11975066c425aa669b6c,1,0
4af6da3b275b764b1afe194df6499b33d2bf4cde,1,0
5b4bebaa91849c592a8448bc353ab25a54ff8c44,1,1
8e75437a7e43d4c55e861691f74892e666e29b0b,1,0
d5089971bd792311aaab5cb73460326d7ef7f32d,1,1
7ac5067146613997bb38442cb022d7f41321a706,1,1
bc6cba3f552c44565f7f1e66dc1580189addb2b4,1,1
a4a5aeeb17d32937d8c7d743dae9a4cc755ce773,1,0
15291164b22a357cb211b618adfef4fa82fc0de3,1,1
cb62ab4b17818fe66d2fed0a7fe71969131c811b,1,0
db82b8f9bd432a59aea8e1014694e15fc457c2bb,1,0
ee58aff6918b8bbc3be29b9e3089485ea46ff956,1,1
a23325b2e583556eae88ed3f764e457786bf4df6,1,0
9344a972961d1a6d2c04d9008b13617bcb6ec2ef,1,1
5593523f968bc86d42a035c6df47d5e0979b5ace,1,0
424d40ebfcde48bb872eba75179d3d73704fdf1f,1,1
e9c6a182649f4259db704ae15a91ac820e63b0ca,1,0
fa039d5f6b126fbd65eefa05db2f67e44df8f121,1,1
ed188f6dcdf0935c939ed813cf8745d50742014b,1,1
532c34b5fbf1687df63b3fcd5b2846312ac943c6,1,0
2fc108f60f98cd00813418a8754a46476b404a3c,1,0
d8bdc59f215e62098bc5b4256fd9928bf27053a1,1,1
66fd44209d5ffcb9b3d1bc1b9fd8e35b485040c0,1,0
e371f031b942d73e02c090170975561fabd5c264,1,0
5af10dfd0afc559bb4b0f7e3e8227a1578333995,1,1
068b963bb7afc57f5bdd723de0dd15e7795d5822,1,1
f63ae56e4e97fb12053590e41a4fa59e7daa74a4,1,0
beacc44eb8cdf6d58717ec1a5103c5141f1b37f9,1,1
6c85501f2fabcfc4fc6ed976543d252c4eaf4be9,1,1
93b8ac558752d09e1c56d4f1bc82631316fa9c82,1,1
4cfed6b0a625593fb43876f04badc4dd99799d86,1,0
6b8ac63847bc2f958dd93c09edc941a0118992d9,1,0
e1c5050734123973b99d181c45e74b2cbb00272e,1,1
1d1221f375c94ef961ba8574ac4f85c8870ddd51,1,1
715230a44310a8cf66fbfb5a46f9a62a9b2de424,1,1
6160968cee8b90a5dd95318d716e31d7775c4ef3,1,1
f15133df088ecadd141ea1907f2c96df67c729f0,1,0
a56ae87a4c1c1fead7d09c3653905841ccccf1cc,1,0
b32a7dc8aef1882fbf983eb354837488cc9d54dc,1,0
07678eca2cf9c9a18584e546c2b2a0d0c9a3150c,1,0
e87af64b1ff1635a32d9b6162f1b0e260fb54ed9,1,1
2def2ef2ae5f3990aabdbe8a755911902707d268,1,1
065b7978c40ded35c356ced6cd922a40156c9c46,1,0
52346bf187b5a7f1c0fe9075b328b7ad6abe78f6,1,0
c623b33b4e9599c6ac5076f7db7369eb9869aa04,1,0
d530e92f59ae9bb2d47066c3c460b25d2ffeb211,1,1
0bfb970f43acd1e81d11be1154805f86655f15d5,1,1
3007531bfd326c5c1e29cd41d2cd80c166de8528,1,1
f151cd2c54ddc7714e2f740681350476cda03a28,1,1
15f72c1ee5e0afad20232bdf0fcecab8d62a5d89,1,0
256825d4eb33dc301496710d15cf5a7ae924088b,1,1
f0bf9e9c2a65e9a2b9d9e4e94f99acb191dc7ae7,1,0
2858eaf99f6cc5aae129bcbf1e24ad160240185f,1,1
b4789b8e6be3151a955ade74872822f30e8cd914,1,1
7245bff300d3fa8bacbef7897ff080a6f1c23eba,1,0
58cf31cee7a456057f337b3102a03206d833d5e8,1,1
478cce544fdf1de882d78381768458f397964453,1,0
295dc39d941dc2ae53d5c170365af4c9d5c16212,1,1
eda98796aff0d9bf41094b06811f5def3b4c333c,1,1
fc27fe7e8deef2f37cba3f2be2d52b6ca5eb9d57,1,1
afa878a689870c28b6994ecf3bb8dbfb2b76d135,1,1
c9b92530a723ac5ef8e352885a1862b18f31b2f5,1,0
2b62d1dda41590db29368ec7ba5f4faf3464765a,1,1
a0ad220c96692eda76b2e3fd7279f3dcd1d8a8ff,1,1
7f2dc7a1afc067d0c89f12c82bcdec0445fb1b94,1,1
7e768f8a473409215fe3fff8f6e31f8a3a0103c6,1,0
97aa7d7cfd2027f6ba7ce42caf8b798541b9cdc6,1,0
1e84674d95353c64e5c4c0e7232ae86fd6ea813b,1,0
1f686d023b95219db933394a7704ad9aa5f01cbb,1,0
8d1e72250c847fa96498ec029891de4dc638a5ba,1,1
fdf5af0daf8019cec2396cdef8fb042d80fe71fa,1,1
6265539776a0810b7ce6398c27866ddb9c6bd154,1,0
38e1766bc6e20108948aec8a0b222a4bad0254e9,1,0
853bc26a7ea39e354b9f8889ae7ad1492ffa28d2,1,1
426aeb2808955ee3d3f52e0cfb102834cdb836a5,1,1
8e20cf2bce122ce9262d6034ee5d5b76fbb92f96,1,1
9824dfae5741275473a23a7ed5756c7b6efacc9d,1,1
2b04e8f6bbb196cab4b232af0f8d48ff2c7a8058,1,1
e2a9122b8dde53d320750451e9907a7dcb2ca8bb,1,0
ab79efab0a0ba01a74df782eb7fa44b044dae8b5,1,0
dc6b845044ccb7e9e6f3b7e71bd179b3cf0223b6,1,1
ed28c1ba666b39581adb860bf51cdde43c84cc89,1,0
0597d1b99fcfc2c0eada09a698f85ed413d4ba84,1,0
d1442d85cc30ea75f7d399474ca738e0bc96f715,1,0
cae13fe4cc3f24820ffb990c09110626837e85d4,1,0
9590232bb4f4cc824f3425a6e1349afbe6d6d2b7,1,0
50a44b6b8e4f7c127440dbd4239cf571945cc1e7,1,1
4f2c04ea6673863b87ac7f186cbb0d911f74085c,1,1
d558023207e008a4476a3b7bb8706b2a2bf5d84f,1,1
b90cd6f2b905905fb42671009dc0e27c310a16ae,1,0
95d78c28b5a85bacbc29b8dba7c04babb9b0d467,1,1
4b53c2c72cb5541cf394033b528a6fe2a86c0ac1,1,1
c815822c8bdb138066ff58c624ae83e3a12ebfa9,1,0
ce1924193862d58cb43d3d4d9dada710a8361b89,1,0
a197e92349a4aa2141b5dff12e9dd44c2a2166e3,1,0
4241ae6fbbf1de9658764a80944dc8108f2b4154,1,0
859084b4fd966ac007965c3d85caabccd8aee9b4,1,1
e159332b9af4b04d882dbcfe1bb0117f0a6d4b58,1,1
8a43abefb38c5e29138e1c9c515b313363541c06,1,1
140ee8d2204b383279f854802b27bdb41c1d5d1a,1,1
1ae3f2f178087711f9591350abad133525ba93f2,1,0
9611f31313a93aa036389c5f3b15eea53510d4d1,1,0
f778a636713a435d3a922c60b1622a91136560c1,1,1
992480c30f75943e9cd6245bb2015c7737f9b661,1,0
2c13e97d656c1c0ac4d76eb9d307664aae0e0cf7,1,0
ddb2c43594f22843e9f3153da151deaba1a834c5,1,0
7ed47b7d142ec99ad6880bbbec51e9f12b3af74c,1,0
b97a4b658814b2de8b9f2a3bce491c002d34de31,1,1
5478755616ae2ef1ce144dded589b62b2a50d575,1,1
3a2d21bc5f97aa0161db3ae731fc2732be6108b8,1,0
647bf3d8a8e5777319da92af672289b2a6c4dc66,1,0
bb812022d0bc12107db215c981cab0b1ccd73d91,1,1
fb0e0cce0b9f25389ab56604c3547351617e1415,1,1
cd30f03ac5bf2962f44bd02ae8d88245dff2f12c,1,0
3db1af1f370295ad5355b8f64b865a2a357bcac0,1,1
9b0b20b8d5f8c9f7839d58ff6c5900f7e19283b4,1,0
cbddb98484ea8ec1deece351abd56e063d775b38,1,1
350b8bdd689cd2ab2c67c8a86a0be86cfa0751a7,1,1
15d3042a937c13f5d9244241c7a9c8416ff6e82a,1,0
6399f1fae4ec29fab5ec76070435555e256ca3a6,1,0
8bb11c3ca77b52e05a9ed1496a65f8a76e6e2d8f,1,1
a0d1cbdacff5df4ded16b753b38fdd9da6092968,1,1
91e58d967a92250439ede038ccfb0913a81e59fe,1,1
3ebd76a9c57558e284e94da367dd23b435e6a6d0,1,0
e0a5a02b0fc1900a69d6c37ed0aab36fb8494e6d,1,1
72dbb7f416160f490c4e9987040989a10ad431c7,1,1
1b0f0d0988e6df4e32e9f4bf8780846ea95d4485,1,1
4e0d9b0b9740d258ade40cce248c93777362ac1e,1,1
244d83bc3d859293f55812d48b3db168e581f6ab,1,1
35ab4475a7df9b2a4bcab235e379c0c3ec543658,1,0
7b789836f434c87168eab067cfbed1ec4783dffd,1,1
22f6b4d34fcf039c63a94e7670e0da24f8575a5a,1,0
f647d7c155f069c1a068030255c300663516420e,1,1
26f5a4350f3ab5507bb8727051c87bb04660f333,1,1
7029d15f148ef24bb7c6668bc640f5470d085e5a,1,1
320b2b8de12698082609ebbc1a17165727f4c893,1,1
e862f1a9b7df4e8196ebec45ac62295138aa3fc2,1,1
4b2b64d5a6ebc84214755ebccd599baef7c1b798,1,0
f18ddf5d82de0ab7591a36e465bc24225776940f,1,0
397f62c0a838e15d667ef50e27d5d011d2c79c04,1,1
5dc6416414fb3ec6e2825fd4d20c8bf1d7fe0395,1,1
b8402ed0733e3f244588b61ad5fedd093e3cf9cc,1,1
20e2b791796bd68816fa115f12be5320de2b8021,1,0
592acbf16821288ecdc4192c47e3774a4c48bb64,1,1
035c8587c0d8d307e45f1b7171a0d337bb451f1e,1,0
816ecab6c532ae086ff4186b3eaf4aa7092d536f,1,1
201f99f170df14ba52ea4c52847779042b7a623b,1,1
167d97a3def77ee2dbf6e908b0ecbfe2103977db,1,0
53110871935244816bbb9d131da0bccff734bfe9,1,0
ea04efee7635c9120d015dcdeeeb6988130cb67a,1,1
b88393f08a558eec14964a55d3c680fe67407712,1,0
3ab3c16db6a5674f53cf23d56512a405fde0b2c9,1,0
b6ae2f9e0ab13343c0281732d479757a8e8979c7,1,1
2b472611a32a72f4a118c069c2d62a1a3f087afd,1,1
b173ac05993f634a42be3d3535e1b158de0c3372,1,1
a03ffcf873fe0f2565386ca8ef832144c42e67fa,1,0
321027c1fe77f892f4ea07846aeae08cefbbb290,1,0
29ec90660d68bbdd69507c1c8b4e33aa299278b1,1,0
4a9af07a49295e014b059c1ab624c40345af5892,1,1
b51b21fc63c9805862322551387d9036f2b63433,1,0
5b597a2e5b28e2d5a52fc1be13f425f08f47cb62,1,0
e2745807c4c3e0a590c0f69a9b655dc74ebaa03e,1,1
53b0f08042f04813cd1a7473dacd3edfacb28eb3,1,0
437a35e57db5ec078f4a3ccbf71f941276e88430,1,1
d0de4dc584ec6aa3b26fffea320a8457827768fc,1,1
cadff5fb6e73398de26a92e96d3d7cac893af255,1,1
29e5470e6ab84badbc31f4532bb7554a796d9d52,1,1
55edae0226409de25e59922807cb09acb45731a2,1,1
48900cb6af4282fa0fb6ff4d72a81aa3dadb5c39,1,0
4e085e76cbe558b79b54cbab772f61185879bc64,1,1
c290f8358acaeffd8e0c551ddcc24d1206143376,1,0
58c893e834ff20495d007709220881a3ff13f423,1,0
e550dfb0c2c31b6363aa463a035fc9f8dcaa3c9b,1,1
cbdb967af3d54993f5814f1cee0ed311a055377d,1,0
c4e63ad30bc42da691f2b5f82a24516dd6b4dc70,1,1
6296f7153f0c9d5e5cd3aaf08f9731e56621bdd3,1,0
9bf292bfca94694a721449e3fd752493856710f6,1,1
ecb7f58a069be0dec4a6131b6351a761f808f22e,1,0
5f16640725b1225e6337c62526e6577f0f88edb8,1,0
58d9c46929ca0828edde34d263700c3a5fe8dc3c,1,1
db24063b01cba8e9d4d88b7d8ac70c9000c104e4,1,0
36fadd29849b8087af9f4586f89dbf74ea45be67,1,1
7d65a814ac76bd04760072c33e452371692ee790,1,0
4116def2337991b39919f3b448326e21c40e0dbb,1,0
f237f3e09ecbaf59c897f5046538a7b1a3fa40c1,1,1
db1ffb6cf44bcfe5c4d5fcf9d9109ded5617387f,1,1
92e22ca23e52066da2258df8c76a2dca8a428bcc,1,1
89a8640279f8bb78aaf778d1fc5c4a6778f18064,1,1
4e97fdb86d0a0141ec9a052c6e691fcd07bb45c8,1,1
f151e048ed27f6f4eef729f3310d053ab5da71d4,1,1
fc0a80798576f80ca10b3f6c9c7097f12fd1d64e,1,0
0600ebe59c3e82cd012def77ca9ca1918da74a71,1,1
a5b2c5b2ad5853591a6cac6134cd0f599a720865,1,1
bd20bb02e75e2c0483832b52f2577253febfb690,1,0
c88547a8119e3b581318ab65e9b72f27f23e641d,1,0
b8de6a8c5cfffb007149036ffa561ced4d11c462,1,1
62041428a32de402e0be6ba45fe12df6a83bedb8,1,0
f428fe4a04cc339166c8bbd489789760de3a0cee,1,0
0c17d1d2c61936401f4702e1846e2c19b200f958,1,1
aa65607373a4daf2010e8c3867b6317619f3c1a3,1,0
aba8d056078e47350d85b06a9cabd5afcc4b72ea,1,0
635682a14427d241bab7bbdeebb48a7d7b91638e,1,1
fbb687db1088ddd894d975996e5f6a4252b9a2b4,1,0
4154c7e03fa55b4cf52509a83d50d6c09d743b77,1,0
190ffdf6c8b1ec443be202c7d69e63a7e3da25e3,1,0
497de07d89c1410d76a15bec2bb41f24a2a89f31,1,0
0f886ca12765d20124bd06291c82951fd49a33be,1,1
3f68ba07b1da811bf383b4b701b129bfcb2e4988,1,1
5eb9743410ce4657e9d54fef26a2ee31a1b5dd09,1,0
4c023ba43c16396f0d199e2df1cfa59b88b62acc,1,1
ff7f30129f15f7a2213f8ced0cd65c9a331493d9,1,1
a497e47d4aec37aaf8f13509f3ef3d1f6a717d88,1,1
ef85b67385436ddc1998f45f1d6a210f935b3388,1,1
0305cd5f7fca85dae392b9ba85b116896eb7c1c7,1,0
b05cd1ea7e45a836f7f6071a716c38bb30326e0f,1,0
445a5a42c500ceb80f8fa7f2c11f3682538033f3,1,0
8e3fbf870481eb53b2d3a322d1fc395ad8b367ed,1,1
83231d0ab5ed60015797c3d1ad9056295ac3b2bb,1,1
329acc18a0768c21ba22522f01a5c7f46cacc4d5,1,1
d21017b52a585f145e8d62781bcc1c5fefc7ee37,1,1
5c3fcae78b63ac9dd56e36075903921bd9461f9e,1,0
0654414afcce51a16d35d05060190a3ec4618d42,1,1
53499d8d4c69142137c7c7f0097a444783fdeb90,1,0
6817ae225cd650fb1c3295d769298c38b1eba818,1,0
bc3aae2bbac46dd894c89db5d5e98f7f0ef9e205,1,0
61cc74fbb87af6aa551a06a370590c9bc07e29d9,1,1
25fffa3e25cbad85bbca804193ad336b090a9ce1,1,0
3d5ac8c20846871f1eb3068b65f93da7cd33bfd0,1,1
31d670b6489e6d708c3b04b911cdf14ac43d846d,1,0
f0fe970df3838c202ef6c07a4c2b36838ef0a88b,1,0
093019cf1b18dd31b2c3b77acce4e000e2cbc9ce,1,1
241988ca28139ad970c1d9717c419f41e360ddb0,1,1
dab6cf55f81a6e16b8147aed9a843e1691dcd318,1,0
5efb45231671baa2db2011d8f67f9d6e72bc455b,1,1
2d8a041b7bfe1097af21441cb77d6af95f4f4680,1,1
8e3fe45a7bac31d9a3b558ae0079e2d92a04799e,1,0
8b8addf891de8a00e4d39fc32f93f7c5eb8feceb,1,0
4dc7800b866f889a1247685bbaa6dd4238a56279,1,1
008ba2a13f2d04c947adc536d19debb8fe66f110,1,0
bd4e697ebd6c8457efa8f28f6831fc929b88a014,1,1
7c2c5ba5b8e3a0b2b82f56c71dfab74ed4006df7,1,1
ed6fe9d614fc1bca95eb8c0ccd0e92db00ef9d5d,1,1
f17bfd9f1da05f30f23a4dd05e9d2363e1406948,1,0
2702b1526c7278c4d65d78de209a465d4de2885e,1,1
f663dfb8431c97d95682a2b533cca1c8233d21b4,1,1
725c7dbb95bfaf8b4bb7b04820e3a00cceea9ce6,1,1
910c36089940e81fb85c65b8e63dcd2fac71470c,1,1
e11e0455c0d7d3d62276a0c55d9dfbc16779d691,1,1
4a342f01e5439b9bb901aff1c6c23c536baeeb3f,1,0
e6a623460e5fc960ac3ee9f946d3106233fd28d8,1,1
2a05c8f813de6f2278827734bf8102291e7484aa,1,1
954e3d2e7113e9ac06632aee3c69b8d818cc8952,1,0
1df2ae31c724e57be9d7ac00d78db8a5dabdd050,1,1
ad55822430a03fe075221b543efb434567e9e431,1,0
506a44194a9016406c752ad8e010c01aeffc18cc,1,0
1aa0c6dab6dcef4d9bc3571866ae1c1ddbec7d8f,1,1
bb4909d2d8fa6b08155e449986a478101e2b2634,1,1
7ab66cca5bbdf6cb2d69339ef4f513d95e532dbf,1,0
2638fd0f92d4397884fd991d8f4925cb3f081901,1,0
d08d4a8c7387e758d439b0592782e4cfa2b4d6a4,1,0
ecf9267a24b2c3c0cd211dbdfa9ef2232511972a,1,0
79cca974a4c2ab1199786732a67ff6d898051b78,1,1
44afb3a04391a74309d16180d1e4f8386fdfa745,1,1
445c8fb0ebff85195be94cd9f7e1df89cade5c7f,1,1
36ae3c0a36b7456432fedce38ae2f7bd3e01a563,1,1
357f26fa64fd1d9ccac2331fe174a8ee9c607adb,1,1
2bc3c1179c781b359d4f2f3439cb3df72afc17fc,1,1
30663fd26c0307e414622c7a8607fbc04f92ec14,1,0
cfa39381173d5f969daf43582c95ad679189cbc9,1,1
124d3b7041f9a0ca7c43a6293e1cae4576c32fd5,1,1
75cc83685e103bc8ba380a57468c8f04413033f9,1,0
cb5ec7d98195aa74d5ed299b38eff2a68122f3fa,1,1
7391a506352c009fe044dead7baad9e22dd279ee,1,1
a5d849b149ca67ced2d271dc84db0bc95a548abb,1,0
3c2b605d72e8b080dace1d98a6e50b46c1d12186,1,1
f1e255d60ae66a9f672ff9a207ee6cd8e33d2679,1,1
